cluster_id,n_trees,density,bbox_area,hull_area,geom_area,geom_type_used,pca_lam1,pca_lam2,pca_ratio,nn_mean,nn_std,height_mean,height_std,height_min,height_max,OPIS,edge_dist_,dominant_count_x,matched_points_x,dominant_fraction_x,n_labels_touched_x,dominant_count_y,matched_points_y,dominant_fraction_y,n_labels_touched_y
0,608,0.24917031059359904,6051.936791999977,3362.396490499815,2440.0980941572057,buffer_union,609.2353779106829,173.26552418315129,3.516195046780843,1.3004459991671409,0.32470125838639396,13.066253289473686,4.186268745340278,0.993,21.613,Skupina dreves oziroma grmičevja,1109.9100801798943,,,,,608,608,1.0,1
1,1023,0.24572995359869565,20784.584183979907,9395.432614001204,4163.106634003085,buffer_union,5137.00468171893,178.8728944472337,28.718742980000876,1.3158409979191545,0.31603879200185514,15.039823069403715,6.316093028498602,0.177,30.191,Obvodna vegetacija,0.0,,,,,1022,1023,0.9990224828934506,2
2,34,0.20912238216352053,201.03785699967568,78.41697400037755,162.58422292365694,buffer_union,41.00280971566056,1.8817825356852822,21.789345441410802,1.358599292399651,0.3436661654717125,9.67714705882353,2.40588964996017,3.46,14.884,Mejica,46.56804692103637,,,,,34,34,1.0,1
3,11,0.16290315959053062,35.3917669994776,20.120975999912794,67.52477992231293,buffer_union,8.655371516938628,1.3289836284699104,6.512775124930438,1.4153827951671956,0.5112586051707495,5.670909090909091,1.1659838182679938,2.369,6.791,Mejica,26.480741455828184,,,,,11,11,1.0,1
4,178,0.2220440658792058,1674.9914760021172,1010.0947955014328,801.6426797770573,buffer_union,175.27000352956628,38.1128491445635,4.598711654034586,1.2803858079578159,0.39964505697012376,11.379258426966292,3.9460149718335593,0.185,17.933,Mejica,26.480741455828184,,,,,178,178,1.0,1
5,8,0.15923000124946715,16.09889599985793,12.482225499786045,50.24178821343048,buffer_union,2.8822596052586587,2.1668485018086407,1.3301620315646772,1.4180536838057562,0.4901411784515501,8.82825,0.9059340138773907,7.602,10.345,Posamezno drevo,13.648116389800977,,,,,8,8,1.0,1
6,9,0.14827755749571428,14.468652000101635,10.816555499874639,60.69698039273496,buffer_union,18.53431489934364,0.2525608784848281,73.38553385835264,1.3643480993001775,0.3061507209155107,6.064,1.8695723218604483,3.7760000000000002,9.700000000000001,Drevesa v vrsti,3.717761447275775,,,,,9,9,1.0,1
7,202,0.2005754606124136,6288.976943996794,1204.5184689973382,1007.1022615789433,buffer_union,983.2828272152608,9.17224006237069,107.20203794591023,1.4116453571854817,0.43682657863702457,9.565930693069308,4.8115184811248985,1.551,20.651,Mejica,16.830145633532386,,,,,202,202,1.0,1
8,3,0.10554798805496797,5.7070899999135545,1.9877634999506562,28.423090342921935,buffer_union,3.0624259419819575,0.4300733913344228,7.120705450946234,2.0622933176360707,0.06826862616803102,7.167000000000001,1.3032398090911745,5.761,8.902000000000001,Posamezno drevo,36.07423677914454,,,,,3,3,1.0,1
9,239,0.24074031712956034,2269.6376640000944,919.9756775005285,992.7709776646022,buffer_union,353.58400299637105,20.90911479757048,16.910519953597245,1.287376131443866,0.33550765499428264,16.030623430962343,7.363485532027037,1.2670000000000001,28.321,Skupina dreves oziroma grmičevja,74.42180058139347,,,,,239,239,1.0,1
10,7,0.1639484825308374,15.007514999969672,8.072525999955904,42.69633906909358,buffer_union,2.419242270038421,1.5460357775965368,1.5648035479485274,1.1637427827243783,0.14789868611659132,7.113857142857143,0.5997186074845979,5.7620000000000005,7.8420000000000005,Posamezno drevo,6.49957789475816,,,,,7,7,1.0,1
11,21,0.16182783543910373,114.25987400007187,54.80320000029336,129.76753932979818,buffer_union,45.18983380811946,0.8472641348055361,53.33618166015185,1.4260825586454586,0.48889224906468065,9.058904761904762,2.1057440242564174,5.093,12.094,Obvodna vegetacija,2.993392996173562,,,,,21,21,1.0,1
12,9,0.1700390518941049,20.832484000111958,13.798023999987407,52.92901777413417,buffer_union,4.09102410867403,1.6018100857353512,2.5540007177542163,1.3157401990709863,0.3625884653550984,9.327555555555556,0.9495141577683132,7.492,10.667,Posamezno drevo,0.0,,,,,9,9,1.0,1
13,72,0.1787569198386465,969.6994660004872,297.6109579989219,402.7816101608275,buffer_union,145.26240599600908,5.386898266147597,26.965871419712645,1.4170622390397842,0.31919749567839195,8.370861111111111,3.6721961575600464,1.445,14.356,Obvodna vegetacija,0.0,,,,,72,72,1.0,1
14,370,0.2525295396506742,2111.37344999945,1349.8570665015434,1465.1751256974667,buffer_union,256.0290558996694,51.187419565471465,5.0017964975201465,1.3244102814986045,0.30096651206909314,13.877843243243243,6.443874284702406,0.674,26.914,Skupina dreves oziroma grmičevja,49.4529053147741,,,,,370,370,1.0,1
15,382,0.2294408175818506,4452.01474300493,2018.5037585009798,1664.9173587595221,buffer_union,619.653945639155,60.501445745125594,10.24196922912505,1.3049318802155765,0.3198609850844309,11.421154450261781,2.8119638169006955,1.241,17.367,Obvodna vegetacija,2.993392996173562,,,,,382,382,1.0,1
16,1100,0.2368831077022072,20188.717184999827,11848.22742299953,4643.640530851371,buffer_union,5012.422810009315,199.48798604949647,25.126439487767673,1.295869298120145,0.32550664623016673,9.90263,4.019104583272475,1.228,22.166,Obvodna vegetacija,0.0,,,,,1100,1100,1.0,1
17,103,0.16195451443046252,3271.4445559982582,718.5454799993704,635.9810367881071,buffer_union,1113.0263316867706,4.345366770641739,256.14094055457485,1.390428457970867,0.4113951096799411,7.883941747572816,3.362924732117597,1.303,14.892,Mejica,9.459089430339334,,,,,103,103,1.0,1
18,1942,0.25043257865601437,16402.712004006044,10198.733378502366,7754.582133131587,buffer_union,2149.8917492793817,343.27491631100486,6.262886238188151,1.2960316861556478,0.3056134328483533,12.066575180226572,5.713375580193556,0.075,25.095,Obvodna vegetacija,0.0,,,,,1500,1942,0.772399588053553,2
19,96,0.18460177003798287,752.1295540001723,643.0252345003398,520.038350554534,buffer_union,79.33401171398539,65.20482867538634,1.2166892134467422,1.4192195947616384,0.39202601712461327,10.985260416666668,3.078720605641218,2.508,15.902000000000001,Obvodna vegetacija,0.0,,,,,96,96,1.0,1
20,592,0.2536474250028547,4470.638615997979,2986.074662000536,2333.9483931025015,buffer_union,343.65718195793465,188.56468405565943,1.8224896336182226,1.2954334512774492,0.3265903309261762,12.873290540540541,5.203008994287849,0.112,23.792,Obvodna vegetacija,0.0,,,,,321,592,0.5422297297297297,2
21,19,0.14274963626611173,106.98143599964234,74.78106899973625,133.10016401429203,buffer_union,44.813532272993875,2.0393996449538614,21.97388451247265,1.6520661271739172,0.8168157918219118,8.941947368421054,3.783081332148566,1.688,15.085,Mejica,775.1963332445746,,,,,19,19,1.0,1
22,3,0.10058729425049343,8.314453000250019,1.4955490000521379,29.824840426953664,buffer_union,5.67551105995611,0.1313636069027554,43.20459215281385,2.0849931522349205,0.9299438452439166,3.0256666666666665,0.8544200112096836,2.067,4.142,Mejica,775.1963332445746,,,,,3,3,1.0,1
23,4,0.12113947545711792,6.404533000026505,1.5646570000508428,33.01978966729105,buffer_union,5.586649993610466,0.05502392310404808,101.53129181731245,1.418400574268488,0.21346032671804294,1.36175,0.45146947571236756,0.681,1.9140000000000001,Obvodna vegetacija,0.0,,,,,4,4,1.0,1
24,246,0.24004258350803867,2153.6945730059,1033.1663680000095,1024.8181651976006,buffer_union,340.80425914038665,25.438797793552084,13.397026931310785,1.3281102958913809,0.3451902757901374,13.887292682926828,3.941392222828642,1.5290000000000001,21.224,Obvodna vegetacija,0.0,,,,,246,246,1.0,1
25,132,0.2708103514359526,512.8100010017713,353.54588850046343,487.42597651854663,buffer_union,46.820075490940965,26.510473827280876,1.76609727143995,1.3262622298076214,0.2655101679873747,19.34476515151515,5.688010452431271,1.291,30.273,Skupina dreves oziroma grmičevja,109.40200280203054,,,,,132,132,1.0,1
26,112,0.22944151926969514,1225.934009999729,359.91516700058276,488.14181651382165,buffer_union,191.26060413243073,5.286926538574747,36.17614179749713,1.2880556971237844,0.33615307107314646,13.847910714285714,4.957340460212173,1.5010000000000001,20.455000000000002,Mejica,37.43426499961234,,,,,112,112,1.0,1
27,70,0.2103852346219186,826.1893980008944,254.97590600089,332.7229694887874,buffer_union,130.05257495793413,5.060315297615848,25.70048846940585,1.310329166958521,0.31576144239800014,14.714385714285715,4.547097772340561,3.116,20.663,Mejica,37.43426499961234,,,,,70,70,1.0,1
29,1576,0.2334904119848881,64056.823308022445,22436.1851965014,6749.7418270948165,buffer_union,7420.110945434193,535.2967316689344,13.861678030986592,1.3732540588732238,0.33310246715039177,18.3771173857868,7.805713490188838,0.029,34.733000000000004,Obvodna vegetacija,0.0,,,,,1576,1576,1.0,1
28,3,0.136204617838961,2.298504999874717,0.5367740000200477,22.025684940777808,buffer_union,1.2274971046939702,0.07824222856839388,15.68842205997466,1.1856562323881432,0.06580247142205142,4.687666666666666,0.7827457370620992,3.892,5.752,Obvodna vegetacija,0.0,,,,,3,3,1.0,1
30,453,0.2594511566220572,3126.2624940009287,1603.6660894997424,1745.9933726943666,buffer_union,283.0132454188214,59.95008354078781,4.720814863022996,1.2968274408342622,0.2740382003952551,16.25821412803532,4.973167466909639,0.8320000000000001,22.585,Skupina dreves oziroma grmičevja,,,,,,453,453,1.0,1
31,7,0.16020691397428327,16.404909999981147,8.015834499891467,43.69349503307737,buffer_union,4.028661810199999,0.8835183325841859,4.559794247185164,1.2277987363808245,0.17653645550905095,13.213857142857142,0.9780167145184951,11.606,14.482000000000001,Posamezno drevo,,,,,,7,7,1.0,1
32,488,0.2555227388050092,7811.769478004276,1603.4154170007419,1909.8104625921198,buffer_union,1116.278899096607,16.004843232615997,69.746318840647,1.3787384516489805,0.28398238153181343,20.673594262295083,4.604301940128245,1.962,28.569,Mejica,95.60904194229276,,,,,488,488,1.0,1
33,2,0.10964490039335652,1.0489499999945517,0.0,18.240702420494713,buffer_union,1.062562499991094,0.0,,1.4577808477210108,0.0,13.850000000000001,0.05399999999999938,13.796000000000001,13.904,Mejica,31.947109722806754,,,,,2,2,1.0,1
34,8,0.14065690717305454,42.757080000015286,10.342474499955784,56.87598398674694,buffer_union,11.151346405619371,0.46936371936958965,23.75843284307729,1.3888024489081972,0.2979454781170962,12.520375,0.922598495758041,10.391,13.467,Mejica,31.947109722806754,,,,,8,8,1.0,1
35,152,0.2097544091927261,1969.5169919956272,588.8537525008036,724.6569956979531,buffer_union,274.64576639563575,9.725517996349339,28.239705740992854,1.3035524505494513,0.37658571156181475,9.593388157894738,3.302619648116162,1.569,18.583000000000002,Mejica,,,,,,152,152,1.0,1
36,238,0.24204757316377443,1485.938855997499,860.1896550014709,983.2777783686525,buffer_union,110.95894152918109,50.01561422466888,2.218486031797117,1.2700015009508432,0.29829576608106445,13.322449579831934,5.035938020196052,1.145,21.504,Skupina dreves oziroma grmičevja,,,,,,238,238,1.0,1
39,740,0.23599959641839705,17391.952550002756,4877.045223998785,3135.5985824995855,buffer_union,1785.5105537778593,99.37598805986272,17.967223155580527,1.360224090228251,0.34918154503419624,15.75101891891892,8.850243897672579,0.137,32.845,Mejica,1783.1539083689283,,,,,740,740,1.0,1
37,107,0.239081677566373,1623.2053499987107,383.2919200013089,447.5457972738001,buffer_union,301.2464075137859,4.054714048798459,74.29535199974332,1.2652155235201334,0.23133039963338695,16.115476635514018,5.605928536302171,3.821,24.583000000000002,Mejica,1842.45764608445,,,,,107,107,1.0,1
38,888,0.2526978976142816,9309.395093001636,5584.789056998025,3514.0775146275437,buffer_union,545.9687596394323,258.29800745101335,2.113716497572968,1.299003547518035,0.3312316606899694,13.667865990990991,5.033753359702963,0.135,22.098,Obvodna vegetacija,1786.4705260843002,,,,,888,888,1.0,1
40,1381,0.25807099300451697,34984.88116200375,8559.76796300522,5351.240695136275,buffer_union,4898.685284965024,86.20477238502099,56.82614952088457,1.2786181303402206,0.3096546260125359,13.914792903692977,5.536477864942752,0.14100000000000001,25.229,Skupina dreves oziroma grmičevja,1609.9677224172863,,,,,1018,1381,0.7371469949312093,2
41,10,0.11160044643101602,130.38162899967216,48.758965000003556,89.60537632061656,buffer_union,22.033917905198322,2.725183050312685,8.08529830782199,2.3119553463030607,1.0416066804093156,3.8159,2.993554991978601,0.105,7.96,Mejica,1783.1539083689283,,,,,10,10,1.0,1
42,7,0.13444749166812647,24.95402800004553,13.857502999950183,52.064935635087735,buffer_union,3.985202061167346,2.2045793197707426,1.8076927536369038,1.630874336588606,0.4477928870414505,11.045571428571426,1.6640889276669302,8.667,13.566,Posamezno drevo,94.2292125078853,,,,,7,7,1.0,1
43,234,0.22445799216144977,4038.5799999977753,1432.659980500028,1042.5113302790608,buffer_union,708.4417931537073,23.309008494763745,30.393476123742257,1.2961203384513986,0.34340871697929165,12.191679487179487,6.2069995321526585,0.18,24.34,Obvodna vegetacija,107.0952132123856,,,,,234,234,1.0,1
44,5,0.13639223115066,9.553839999821296,5.803070000040323,36.65897945812587,buffer_union,2.7286389102105324,0.9097620897509449,2.9992884304043934,1.440509561443203,0.37230901599455335,13.355400000000003,0.3764564251012325,12.899000000000001,13.859,Posamezno drevo,69.49707245673265,,,,,5,5,1.0,1
45,4,0.13379167954492907,4.207433999910493,2.3263980000469466,29.89722540000513,buffer_union,2.864791811903576,0.27946043809236487,10.251153370613158,1.378684981477385,0.5665315276790426,7.7005,0.5429320859923458,6.829,8.164,Posamezno drevo,59.68027114491386,,,,,4,4,1.0,1
46,384,0.25828044636715836,2605.5810919961364,1450.1637095003055,1486.7559871494302,buffer_union,179.07973410736656,96.37403616811345,1.8581740604386696,1.2790743755637402,0.30898977632682934,13.221156250000002,5.025467063861919,0.234,22.878,Skupina dreves oziroma grmičevja,33.05633919588231,,,,,384,384,1.0,1
47,18,0.15975805732770448,87.33904400051094,54.67618099998195,112.67037357043853,buffer_union,7.882278144557063,5.954169793345785,1.32382488543845,1.6001509785600656,0.5845099193324932,12.989055555555556,5.4450668241203255,3.575,19.989,Obvodna vegetacija,0.0,,,,,18,18,1.0,1
48,4629,0.26581097964461053,264722.0656479849,41366.75856300449,17414.630525003053,buffer_union,46709.70161583429,186.90858976366417,249.90666119142082,1.2980757031758907,0.294786728339375,15.334281702311515,6.492663958113629,0.079,31.591,Obvodna vegetacija,0.0,,,,,4608,4629,0.9954633830200907,2
49,11,0.20851280098045497,20.865438000340212,13.6740150000016,52.754554867981895,buffer_union,2.4559202214034963,1.508866942225792,1.6276585778867065,1.267030039655738,0.2833936653188005,18.60981818181818,2.1305986277092863,14.409,21.796,Posamezno drevo,54.17343763302399,,,,,11,11,1.0,1
50,116,0.19582707647732225,1511.5665330007762,875.3659325013207,592.3593513557528,buffer_union,707.0892253173799,12.265527322185012,57.648497838201166,1.338655506548826,0.3912404172840838,11.526008620689653,6.51068043016387,0.11900000000000001,21.218,Drevesa v vrsti,1521.733437899242,,,,,116,116,1.0,1
51,6,0.09005002216135265,150.21820799982487,12.572890000073443,66.62963379674835,buffer_union,39.54922540474851,0.21885516183399822,180.70958470125836,3.1831191810496233,1.4671758401276171,3.390166666666667,1.3713695607757312,1.344,4.639,Obvodna vegetacija,12.487878643052312,,,,,6,6,1.0,1
52,2,0.11087528386895298,0.9732579999928437,0.0,18.03828527161981,buffer_union,0.9849624999914901,0.0,,1.403540166857714,0.0,5.3149999999999995,0.41100000000000003,4.904,5.726,Obvodna vegetacija,12.487878643052312,,,,,2,2,1.0,1
299,10,0.12856625747598538,80.38419399959739,9.726312000518044,77.78090609713733,buffer_union,29.36639812382269,0.09798465397033684,299.70405501164356,1.8162785762460107,1.1455570843376748,3.0326000000000004,0.9868087150000248,0.934,3.916,Obvodna vegetacija,12.487878643052312,,,,,10,10,1.0,1
53,519,0.24896728159146592,5718.742920000531,1842.3049059983575,2084.6112657149656,buffer_union,825.0986555179136,30.256523215247284,27.27010799119571,1.269284093113961,0.29704374320215626,12.65707514450867,4.434133443540464,1.092,25.731,Mejica,162.70250149419397,,,,,519,519,1.0,1
54,123,0.22944017816904155,676.6055499990327,411.9813429994751,536.0874498161301,buffer_union,55.185579028314535,27.641203810757958,1.9964969473158873,1.3009666939168383,0.3117110834169949,9.339325203252033,3.4046932970663266,1.077,14.752,Skupina dreves oziroma grmičevja,137.62298509345246,,,,,123,123,1.0,1
55,6,0.1330073033030378,15.56690999987556,8.56795050002452,45.11030485543994,buffer_union,3.057532159331623,1.6224368073340596,1.8845308153207334,1.7395160806726324,0.4548358367917144,9.245333333333333,0.725153930019153,8.285,10.059000000000001,Posamezno drevo,53.72133955842126,,,,,6,6,1.0,1
56,6,0.136989315858792,14.873709999712613,8.825697499843294,43.79903616851969,buffer_union,3.0993853309381105,1.1819337689654374,2.6223003456877656,1.7650135814964243,0.33981204184360686,9.599333333333334,0.5656104863085749,8.779,10.232000000000001,Posamezno drevo,64.76642226052503,,,,,6,6,1.0,1
57,299,0.2710325610584989,1665.4086000028708,913.2560395016806,1103.1884834511256,buffer_union,189.91233302902958,34.34501732591974,5.529545413439206,1.2850667792019368,0.2808020734210476,17.55364214046823,5.5768849736264325,0.705,25.559,Skupina dreves oziroma grmičevja,179.20585495991284,,,,,299,299,1.0,1
58,9,0.1763579351841541,23.67789199980557,12.117539499866556,51.03257752820785,buffer_union,3.1503739686680796,1.579860420210788,1.9940837357313823,1.3277290329665408,0.29933157668782434,17.401888888888895,0.2296226104064593,16.806,17.631,Posamezno drevo,278.88415657103934,,,,,9,9,1.0,1
59,1618,0.23548907672187694,45301.0573279973,24324.54696849585,6870.807013740726,buffer_union,5738.020847029064,1520.6693686893216,3.7733520285048647,1.3041553307404652,0.31849074129225047,11.037508652657602,4.92020183645779,0.161,28.159,Obvodna vegetacija,0.0,,,,,1618,1618,1.0,1
60,345,0.1707977964484842,51398.20429998735,2447.5412569911196,2019.9323830507287,buffer_union,10953.734249544459,4.1283458141099345,2653.2986195358417,1.4329806697801395,0.43956556620438364,8.146582608695653,2.3157706951986894,1.452,12.984,Mejica,16.755673159639937,,,,,345,345,1.0,1
61,365,0.17969458421582749,48790.58780199225,2030.3044580038218,2031.2242664008502,buffer_union,10467.556780083876,2.0296371668930533,5157.353713672626,1.3702592442646877,0.3948323982185292,9.320556164383563,3.4592053027100915,0.241,17.587,Mejica,1.166215486595902,,,,,365,365,1.0,1
62,442,0.2165458053272353,16974.00537301587,3345.992620506054,2041.138591126563,buffer_union,3229.4166281702273,27.08559406319671,119.23004607671815,1.3202395131311946,0.3905104808679978,9.502886877828054,3.4775791796886923,1.369,18.012,Mejica,69.98690068722502,,,,,442,442,1.0,1
63,105,0.1801452201204183,1015.0221270002428,550.6472954998329,582.8630919533286,buffer_union,283.4900709847776,10.390358887300039,27.28395371706388,1.481308128057664,0.5337191264578125,9.969199999999999,2.667537713929851,1.555,16.297,Mejica,16.14176229597225,,,,,105,105,1.0,1
64,8,0.11731454868184434,51.38078399961504,14.179586999582067,68.19273559749102,buffer_union,25.252079786269682,0.25192012443863043,100.23843804674395,1.5210394479093718,0.6994518373979104,7.220625,1.1804060675780177,5.297,8.887,Drevesa v vrsti,59.80547273067452,,,,,8,8,1.0,1
65,4,0.1576237794140934,1.0374840001438828,0.27647900010231324,25.376881679074582,buffer_union,1.9410657506190703,0.00545916606242948,355.5608546106843,1.079338784906504,0.013361789352998527,6.789,1.3892731912766474,4.445,7.877,Drevesa v vrsti,59.80547273067452,,,,,4,4,1.0,1
66,7,0.12467786966162941,31.815000000293367,8.743470000319853,56.144687256830025,buffer_union,12.941842079984541,0.22710077718637034,56.98722056492045,1.8837207569968883,0.8897651991816008,7.6888571428571435,2.0933033653992523,3.499,10.558,Drevesa v vrsti,59.80547273067452,,,,,7,7,1.0,1
67,2,0.1157725036258095,0.48245999992815547,0.0,17.275259127713415,buffer_union,0.7218919999753632,0.0,,1.2015756322224276,0.0,3.6095,0.6575000000000002,2.952,4.267,Drevesa v vrsti,59.80547273067452,,,,,2,2,1.0,1
68,2,0.11389258994981706,0.17639099995748583,0.0,17.560404947163224,buffer_union,0.814840999995635,0.0,,1.276589988990698,0.0,5.015499999999999,0.6705000000000001,4.345,5.686,Drevesa v vrsti,59.80547273067452,,,,,2,2,1.0,1
69,2,0.10926719892339333,0.8158079999533847,0.0,18.303754646462473,buffer_union,1.0873924999916507,2.7755575615628914e-17,3.917744366214296e+16,1.4747152267415229,0.0,4.051,0.7539999999999998,3.297,4.805,Drevesa v vrsti,59.80547273067452,,,,,2,2,1.0,1
70,2,0.11565673925386077,0.49884499997508946,0.0,17.292550463575665,buffer_union,0.7273329999206313,1.3877787807814457e-17,5.240986603866912e+16,1.2060953527152247,0.0,3.325,0.3320000000000001,2.993,3.657,Drevesa v vrsti,59.80547273067452,,,,,2,2,1.0,1
71,60,0.17297990923793585,1224.9932940026026,301.21826099903876,346.8610907725088,buffer_union,226.12071299028048,3.0708876421746396,73.63366535616842,1.4074505075797705,0.36276057579680254,6.391533333333333,1.0801090294759856,2.952,9.083,Mejica,,,,,,60,60,1.0,1
72,193,0.19817993654065882,8660.92743001232,1219.5392565041266,973.8624573653747,buffer_union,1580.6881340636592,5.35272782398863,295.3051576767444,1.310515718502911,0.36539243187645,12.764730569948187,4.163415722292243,0.275,19.292,Obvodna vegetacija,0.0,,,,,193,193,1.0,1
73,5,0.10778528199503051,46.70942999952949,7.511915000209621,46.388522694875235,buffer_union,16.96999112935474,0.27942527058958255,60.73176951228623,2.4962699664068397,1.519765789453872,4.5371999999999995,1.0397421603455348,3.02,6.151,Drevesa v vrsti,,,,,,5,5,1.0,1
77,17,0.1287034451692177,364.10178400106213,45.54307149958339,132.08659626514745,buffer_union,105.63798512344404,0.3436230089399537,307.42407340337246,1.6774536125559731,0.7875948279591389,9.789117647058823,3.4765750705907803,3.859,14.316,Mejica,103.95586165710988,,,,,17,17,1.0,1
74,2,0.09899297997179235,0.1401400000124844,0.0,20.20345281624911,buffer_union,2.0064519999576054,-4.336808689942018e-19,,2.003223402398048,0.0,4.315,0.6970000000000003,3.618,5.0120000000000005,Drevesa v vrsti,,,,,,2,2,1.0,1
75,124,0.18840941108333065,3023.513051001942,527.6197605017322,658.1412217522227,buffer_union,542.2756250016964,4.081881890878577,132.84941590629364,1.3911303845517147,0.43625736332365445,11.128024193548388,4.13664769501108,0.245,17.452,Mejica,37.29149114765697,,,,,124,124,1.0,1
76,3,0.12007965829938737,3.9400000000023283,1.3828715000463645,24.983415530049903,buffer_union,1.58252430407503,0.40280236259588287,3.928786052485794,1.5862597741825046,0.43450384984075413,8.221,0.49329977363330135,7.805000000000001,8.914,Drevesa v vrsti,,,,,,3,3,1.0,1
78,3,0.10291620933797702,7.939620000209771,0.9999420001004282,29.149927103785902,buffer_union,5.077182065776439,0.06564560095285432,77.34230461874809,1.9963177581222755,0.738190631678652,7.1723333333333334,0.20710759415230404,7.016,7.465,Drevesa v vrsti,,,,,,3,3,1.0,1
79,1,,0.0,0.0,0.0,buffer_union,,,,,,5.7540000000000004,0.0,5.7540000000000004,5.7540000000000004,Drevesa v vrsti,,,,,,1,1,1.0,1
80,7,0.1481554629978886,39.444803999624455,13.244048999736027,47.24766713529665,buffer_union,12.090444393021604,0.6763196546071883,17.876819504889042,1.1027613200575719,0.05573828761965581,4.549999999999999,1.1549677793897855,2.674,5.99,Posamezno drevo,,,,,,7,7,1.0,1
81,5,0.13326998080230357,7.16876900001982,2.920080499896296,37.51782636944429,buffer_union,5.42091228054459,0.14248081947053662,38.04661076970835,1.5414378146039112,0.7889005410582306,4.896599999999999,0.7324811533411628,3.537,5.656,Drevesa v vrsti,,,,,,5,5,1.0,1
82,7,0.12985266230220696,21.30802700108185,11.362193500243805,53.90725053991464,buffer_union,14.724038993543644,0.4268241018005897,34.49673748841542,1.480407171058742,0.6330782230342489,9.400571428571428,3.413026384609533,6.252,15.406,Drevesa v vrsti,,,,,,7,7,1.0,1
83,11,0.1143822824603526,173.1814900003548,76.30009249976385,96.16874015267915,buffer_union,38.20617934983947,5.238951122926075,7.292715364845863,2.0864159044544275,1.582341228851729,5.190636363636364,1.045744299767332,3.755,6.723,Drevesa v vrsti,,,,,,11,11,1.0,1
84,359,0.21878657946906307,4141.407665997529,2355.423250999839,1640.8684704116572,buffer_union,334.9341781900954,173.54356781979433,1.9299717206337905,1.3218136077055544,0.36404737112892127,9.432573816155989,4.541908552915503,0.088,20.601,Skupina dreves oziroma grmičevja,62.648529751143094,,,,,359,359,1.0,1
85,1,,0.0,0.0,0.0,buffer_union,,,,,,6.674,0.0,6.674,6.674,Drevesa v vrsti,,,,,,1,1,1.0,1
86,37,0.16886745551957355,607.7032650029392,113.99619300133082,219.1067537919484,buffer_union,154.8768361968734,1.1795885554698202,131.29733709156517,1.3862080646286818,0.41590258274044756,9.692891891891891,3.9348908002553595,3.6590000000000003,17.515,Drevesa v vrsti,,,,,,37,37,1.0,1
87,3,0.11961238874165539,4.148956000140059,1.028090999968365,25.081014028400894,buffer_union,2.2666796284722004,0.15543603823836027,14.582716171627201,1.433980622405074,0.5991259532844422,4.839666666666667,0.2133546864313562,4.635,5.134,Drevesa v vrsti,,,,,,3,3,1.0,1
88,1,,0.0,0.0,0.0,buffer_union,,,,,,5.589,0.0,5.589,5.589,Drevesa v vrsti,,,,,,1,1,1.0,1
89,3,0.13361854636774845,1.9818539999953857,0.8123815000129866,22.451973034816003,buffer_union,1.0952406100045726,0.2008580566787039,5.452808954318117,1.2816043369250603,0.061781795692715726,4.550333333333334,1.286525121748071,2.746,5.655,Drevesa v vrsti,,,,,,3,3,1.0,1
90,108,0.19849706072665957,1175.0344260012312,431.40362999901697,544.0886610846164,buffer_union,161.42874791824633,8.620064311907043,18.727093218464972,1.4048264306294764,0.4285864208978318,10.122592592592591,3.2324968649895633,0.167,16.628,Mejica,38.92348720239406,,,,,108,108,1.0,1
91,1,,0.0,0.0,0.0,buffer_union,,,,,,5.91,0.0,5.91,5.91,Drevesa v vrsti,,,,,,1,1,1.0,1
92,2,0.11280564230670789,0.770440000012985,0.0,17.72960961085784,buffer_union,0.8730445000300715,0.0,,1.321396609674833,0.0,5.8295,0.23050000000000015,5.599,6.0600000000000005,Drevesa v vrsti,,,,,,2,2,1.0,1
93,4,0.10847904085457508,20.284655999942643,0.9412769998714523,36.873482365707154,buffer_union,7.962229243737179,0.018101672931125856,439.86151302325834,1.988473651246628,0.5039732515359789,5.1105,2.313713195277236,2.583,8.873,Drevesa v vrsti,,,,,,4,4,1.0,1
94,2,0.11188338529940521,0.9162180000523157,0.0,17.875755141372473,buffer_union,0.9250625000486616,0.0,,1.3601930010470291,0.0,4.41,0.2610000000000001,4.149,4.671,Drevesa v vrsti,,,,,,2,2,1.0,1
95,2,0.0909283307154315,2.618525000055402,0.0,21.99534495205001,buffer_union,3.25021300006744,1.1102230246251565e-16,2.927531611195693e+16,2.5495933009275973,0.0,5.503500000000001,1.1965,4.307,6.7,Drevesa v vrsti,,,,,,2,2,1.0,1
96,3,0.13705565472461043,1.411283999911902,0.305701000064656,21.888918089720413,buffer_union,1.3505339497143187,0.023065716948544493,58.55157039892232,1.1285199791073655,0.16749424892795095,4.338666666666667,0.4109114530190441,3.894,4.885,Drevesa v vrsti,,,,,,3,3,1.0,1
97,2,0.11686599309118978,0.6696049999803467,0.0,17.113618317001876,buffer_union,0.6719169999822784,2.7755575615628914e-17,2.4208361205952724e+16,1.1592385431672623,0.0,5.205,0.5810000000000004,4.624,5.7860000000000005,Drevesa v vrsti,,,,,,2,2,1.0,1
98,2,0.085126672633837,0.2831760001928555,0.0,23.494398854314202,buffer_union,4.7412740000322575,0.0,,3.079374611843209,0.0,5.322,0.04600000000000026,5.276,5.368,Drevesa v vrsti,,,,,,2,2,1.0,1
99,7,0.13988322278522475,30.451338000118838,10.777066000205107,50.041740965231604,buffer_union,8.163518403100767,0.7270607397673496,11.22811060560496,1.484617514593116,0.2690435036285673,9.635857142857144,1.8234640055651872,5.59,11.821,Mejica,,,,,,7,7,1.0,1
100,1,,0.0,0.0,0.0,buffer_union,,,,,,3.766,0.0,3.766,3.766,Mejica,96.82162139737719,,,,,1,1,1.0,1
101,3,0.11102671502140234,6.564150000164338,0.5673150001227065,27.02052383898504,buffer_union,3.469564755711443,0.030920911029201914,112.20771446335338,1.828860599996249,0.15901857102892397,4.826666666666667,1.09766125112542,3.309,5.868,Mejica,96.82162139737719,,,,,3,3,1.0,1
102,346,0.18973935231103584,16508.658018003724,1675.714319998642,1823.5542378831844,buffer_union,3027.8692300412254,5.992186978558834,505.30286202274857,1.3771616357207908,0.45332130735105186,10.639687861271677,3.299715432768634,2.275,17.684,Mejica,96.82162139737719,,,,,346,346,1.0,1
103,77,0.21783627393240815,455.75280099920514,242.41838549953405,353.47648309432674,buffer_union,49.17275516482486,10.100327452034588,4.8684317808844515,1.395611902597852,0.2981507100366154,16.826571428571427,4.981258341070294,2.656,22.261,Skupina dreves oziroma grmičevja,90.86708015968004,,,,,77,77,1.0,1
104,120,0.2484606277841314,493.15204399982935,352.5845069998948,482.9739064503166,buffer_union,60.9739881983146,16.541040586223378,3.686224447638338,1.2634702996192442,0.30443264494544536,12.293408333333332,4.650040136916084,4.324,23.7,Skupina dreves oziroma grmičevja,120.62098045156999,,,,,120,120,1.0,1
105,4,0.08895954676498874,30.66637199994861,4.966308000104523,44.96425786168973,buffer_union,22.04733156069173,0.1752873557303305,125.77821981986129,2.80714553128305,0.7354756734124372,11.9145,1.8933196375678354,8.877,14.067,Drevesa v vrsti,92.90867077385846,,,,,4,4,1.0,1
106,7,0.15184416121039035,14.703715000230176,10.186353500075258,46.099895736531,buffer_union,3.0171256765357315,1.4673487996753705,2.0561748353242435,1.5261894149954733,0.3200151975535873,9.601857142857144,0.4159002038853031,9.008000000000001,10.47,Posamezno drevo,86.29382666223398,,,,,7,7,1.0,1
107,13,0.12350577368879789,148.5342000000391,31.609133999557564,105.25823701778174,buffer_union,57.66149112917368,0.46989857582225714,122.71050413011807,1.6744215129832856,0.6494690588657875,9.520846153846154,1.4119732970973553,7.914000000000001,11.604000000000001,Drevesa v vrsti,92.90867077385846,,,,,13,13,1.0,1
108,31,0.17347199849620282,208.27806799837762,107.60100399994715,178.7031928422648,buffer_union,52.86640739309977,2.767349888632823,19.103622426009093,1.3538900728359768,0.35160024918966176,11.274548387096772,3.3275483742753553,4.477,16.098,Mejica,46.56804692103637,,,,,31,31,1.0,1
109,829,0.2583609443831301,12359.967788996797,5137.8291554977795,3208.689308592457,buffer_union,1779.6533177746842,121.39162983842436,14.660428566149513,1.2704519729802368,0.2892521955032218,14.441154402895055,6.645244863859201,0.306,26.78,Obvodna vegetacija,30.164645023780157,,,,,829,829,1.0,1
110,851,0.25839124897589516,6287.866256000712,4249.804397499767,3293.455190037756,buffer_union,940.4287249609351,104.2255229935845,9.023017567576249,1.2890021202768502,0.3082804577333967,13.135714453584018,6.834004687421529,0.25,26.222,Obvodna vegetacija,,,,,,851,851,1.0,1
111,3211,0.2691127223077111,39501.701063993976,21080.67736249143,11931.803046934554,buffer_union,2621.494963981919,1181.7667785604933,2.218284530874319,1.288996519120472,0.2854743049804399,13.994974151354718,6.182815305212215,0.109,29.446,Obvodna vegetacija,30.164645023780157,,,,,2728,3211,0.8495795702273435,2
112,5,0.1192727174457551,12.73826399990645,8.455585499907437,41.92073516119884,buffer_union,4.2304332711765955,1.4606046287569487,2.896357568561806,1.380861941028834,0.43146413503099046,7.8956,1.649800787974112,5.6930000000000005,9.839,Posamezno drevo,,,,,,5,5,1.0,1
113,4468,0.24337096925685073,100233.5913249882,53939.80938149492,18358.804312787724,buffer_union,10178.719624348785,3488.1893106096722,2.918052524669233,1.3080994810143616,0.3365179814557764,11.939604521038497,6.324971053082701,0.08,30.643,Obvodna vegetacija,0.0,,,,,4297,4468,0.961727842435094,2
114,621,0.23969207681447857,4106.383399993885,2833.667101494557,2590.824061659132,buffer_union,1620.093324153779,31.47426020740185,51.47359504172807,1.3119491015727185,0.3454267135842513,12.673866344605475,6.2422668567049096,0.093,28.663,Obvodna vegetacija,0.0,,,,,621,621,1.0,1
115,8,0.16979292350332628,20.279466999750383,9.342816499826645,47.11621565219871,buffer_union,3.3071248704354534,1.048156468806968,3.1551824263410664,1.3802449750629733,0.32551333888521383,14.788375,3.8593453440156145,5.494,18.0,Posamezno drevo,94.90051277145989,,,,,8,8,1.0,1
116,1444,0.23326295619955734,38804.44290798753,16645.828806989408,6190.4385656702925,buffer_union,9847.947651849485,386.37481664052007,25.488068134140153,1.3173341058532089,0.33623173372586274,10.521347645429364,5.383931215390038,0.09,23.558,Obvodna vegetacija,,,,,,1444,1444,1.0,1
117,28,0.18075567677524507,205.0011519996675,111.35296249993841,154.90523174448188,buffer_union,28.52348234200749,4.753803005864948,6.000139742184727,1.443574820380787,0.5734246327011034,8.694357142857145,3.262407275248116,2.745,14.095,Obvodna vegetacija,0.118391199012288,,,,,28,28,1.0,1
118,4,0.11070627394572323,11.956791000111638,5.5170110001164705,36.131646901612,buffer_union,3.647256496196161,1.265151337148004,2.882861827754197,1.888119710109211,0.7714554169436829,4.2165,1.0539149633627942,2.968,5.848,Obvodna vegetacija,,,,,,4,4,1.0,1
119,5,0.13986238397781328,9.21231799999866,4.864470999989707,35.74942638467511,buffer_union,2.9457625147723894,0.5758769852390868,5.115263485567837,1.4868014214302407,0.11542674383741026,3.2876,1.3551710740714622,1.67,5.586,Obvodna vegetacija,,,,,,5,5,1.0,1
120,8,0.16509394374568823,19.964646999845627,10.097845999868664,48.457259051993155,buffer_union,5.7626722450404895,0.7118926656671312,8.094861097691117,1.28884275438536,0.28266562302101794,9.08,2.9974692658974837,1.911,11.539,Obvodna vegetacija,0.118391199012288,,,,,8,8,1.0,1
121,6,0.16120270008431933,9.510357999805485,5.631112499851779,37.22022023738818,buffer_union,2.5448618460458943,0.7277574872165392,3.496854227881943,1.312431706292245,0.38235718409766517,9.566833333333333,1.012053591576169,8.219,11.540000000000001,Obvodna vegetacija,0.118391199012288,,,,,6,6,1.0,1
122,7,0.1528980700329244,18.973008000172705,10.117156500055787,45.782134453970876,buffer_union,3.5855535170515136,1.135568006759938,3.157497829902766,1.3194215822253674,0.39923942308805377,11.45257142857143,0.9556571197936236,9.521,12.318,Posamezno drevo,26.352728879586476,,,,,7,7,1.0,1
123,10,0.22174652303678538,12.324235000120899,9.674336499921154,45.096535733915914,buffer_union,2.6189704431489673,0.9504068679296198,2.7556308056297727,1.1066826982622069,0.07364581011907863,10.910100000000002,1.7717025963744597,8.718,13.521,Posamezno drevo,6.670379162157217,,,,,10,10,1.0,1
125,73,0.17379343846505424,2727.0455490020495,358.75636249974275,420.0388728408672,buffer_union,515.3851603994372,4.04234515891909,127.49657442345904,1.432350684906117,0.44394667747814176,7.323986301369862,3.6148068232860466,0.59,15.711,Mejica,16.613966604225343,,,,,73,73,1.0,1
124,12,0.11888437970845936,47.93699999997625,41.46759149975925,100.93840779947415,buffer_union,33.387376494960726,1.5904360808104705,20.99259247058005,1.8962482377547316,0.7982431464459474,10.153583333333334,1.744646834287355,6.05,12.673,Obvodna vegetacija,2.232004758734491,,,,,12,12,1.0,1
126,38,0.1808839920950441,147.18467400191696,109.89788000084485,210.07939707585174,buffer_union,133.465856197221,1.3057565403350702,102.21343112167933,1.3542085943697646,0.456769582351213,11.550684210526317,2.354492962572478,5.588,15.054,Obvodna vegetacija,0.512951491389867,,,,,38,38,1.0,1
127,1477,0.2362482789986792,29651.729364997114,13902.050741000863,6251.897394809202,buffer_union,6444.566989373614,164.94526656357445,39.070942280660724,1.32375410547473,0.3360310700163675,13.582841570751523,5.968209005034729,0.061,26.310000000000002,Obvodna vegetacija,0.0,,,,,1477,1477,1.0,1
128,4,0.0943003014291259,14.807506000087649,8.455494000035053,42.41767989475956,buffer_union,4.956346659679016,1.9120443404057603,2.5921714025874607,2.659425511486415,0.7080921189082261,9.775250000000002,1.7494782615111282,8.311,12.731,Posamezno drevo,0.0,,,,,4,4,1.0,1
129,8,0.1808807941209807,12.678049999983854,9.00040100011532,44.22802342767946,buffer_union,3.0333028840104417,0.9586696517389651,3.1640752145519837,1.2185256442427632,0.25898239200628487,9.496375,1.7332825027602976,6.998,11.997,Posamezno drevo,3.201105668040037,,,,,8,8,1.0,1
130,270,0.2031078795910811,2125.1376490005596,1298.192892999374,1329.3428130094874,buffer_union,203.08463496298413,51.39892345022362,3.951145691984344,1.4026486650519945,0.46913679619550747,8.890133333333335,3.155528523671384,0.7020000000000001,16.163,Skupina dreves oziroma grmičevja,30.238742202324435,,,,,270,270,1.0,1
131,3,0.13421566171823449,2.383859999984838,0.5161630000256996,22.352085901107777,buffer_union,1.3689043671318413,0.06487529954429866,21.10054792420828,1.2042222929990938,0.12660306364448384,7.788333333333333,0.8910972013322801,6.861,8.991,Mejica,,,,,,3,3,1.0,1
132,1,,0.0,0.0,0.0,buffer_union,,,,,,9.171,0.0,9.171,9.171,Mejica,,,,,,1,1,1.0,1
133,86,0.24119562053117646,357.68067599902446,255.09862750039224,356.557054438241,buffer_union,44.95906680939951,11.506193493373239,3.9073796938399115,1.3307305139232743,0.24645705181310906,14.641372093023257,5.6109833508817655,0.28200000000000003,21.634,Obvodna vegetacija,0.0,,,,,86,86,1.0,1
134,228,0.21976231841172272,4849.3018499951595,1123.435902496692,1037.4845043855246,buffer_union,752.8002415928137,12.14240368808268,61.99762921172348,1.2848483614660593,0.34149761033169174,8.680934210526317,3.4071369534193896,0.222,15.644,Obvodna vegetacija,0.0,,,,,228,228,1.0,1
135,190,0.20785621034125762,2635.5382759991826,1235.4921955005977,914.0934480045539,buffer_union,221.71858156316924,56.00650585756589,3.9588004673428023,1.3544173132857078,0.3723589304031329,9.786447368421053,4.292367043567406,0.18,20.556,Obvodna vegetacija,0.0,,,,,190,190,1.0,1
136,203,0.21371899187096136,1486.7604000011268,923.3142800013084,949.8453938177229,buffer_union,128.02723271007304,75.1491059077619,1.7036427933981517,1.3823381361420262,0.5010918979452623,15.053970443349755,5.646723720658867,1.252,25.875,Skupina dreves oziroma grmičevja,0.0,,,,,203,203,1.0,1
137,2,0.10076447237382395,1.7782800000869017,0.0,19.848265493618058,buffer_union,1.8075620001076367,0.0,,1.9013479429644837,0.0,6.817,0.3460000000000001,6.471,7.163,Mejica,1518.790379512429,,,,,2,2,1.0,1
138,2214,0.23058475331678385,97916.09207997275,21511.78792198755,9601.675601501476,buffer_union,19395.53134488234,143.03249402251413,135.60227329762824,1.3096776963624877,0.3297118553077954,12.978011743450768,5.18001996965658,0.224,30.148,Obvodna vegetacija,0.0,,,,,2214,2214,1.0,1
139,3342,0.23631822878881031,108990.47319599867,57607.3834080069,14141.947564217035,buffer_union,12685.687766428779,2999.151703092547,4.229758619194905,1.3142746800837675,0.33927717908912,12.631079892280074,4.476623006941762,0.109,23.346,Obvodna vegetacija,0.0,,,,,3342,3342,1.0,1
140,15,0.12716701694381563,87.21626099977392,32.099963999773635,117.95511415218016,buffer_union,70.79925366329324,0.3072772700551838,230.40836587287578,1.813665558805531,1.2298088635344369,8.324666666666667,1.756539577945481,4.306,10.661,Mejica,84.36826983318464,,,,,15,15,1.0,1
141,4,0.12210743909250521,8.283357000005916,3.110678500014832,32.758036936387725,buffer_union,3.5149515005714482,0.42112241607323314,8.346626459229372,1.6312999682287737,0.8135202293981942,5.26725,0.38361333071205933,4.831,5.829,Posamezno drevo,,,,,,4,4,1.0,1
142,493,0.21562184828201503,8769.152209999744,3161.9518969976352,2286.4102312823047,buffer_union,1130.4009058330403,87.79861580800412,12.874928555878075,1.3407767421448034,0.3570137205984517,10.012050709939148,5.047093178574123,0.079,20.308,Obvodna vegetacija,0.0,,,,,493,493,1.0,1
143,53,0.1852142139571692,353.52990300066637,192.68598850051714,286.1551436449486,buffer_union,38.266741705424124,11.223415021803994,3.4095452793184977,1.3897624433186504,0.4372592946895287,8.305169811320756,3.21159650380299,1.911,14.733,Skupina dreves oziroma grmičevja,,,,,,53,53,1.0,1
144,29,0.16296274493326424,144.73710000033745,107.63329000014686,177.95478354194358,buffer_union,15.013646554918076,9.857329506659314,1.523094723045964,1.4688513678269062,0.42973448572440176,7.087310344827586,2.7649611471167903,1.937,11.385,Skupina dreves oziroma grmičevja,33.11224636892939,,,,,29,29,1.0,1
145,7,0.19044441125963338,8.706984000131078,4.975914000083435,36.75613242573383,buffer_union,1.9510147249173404,0.6362427989044602,3.066462564726504,1.2566077928281132,0.36235578120506684,4.667285714285714,1.6872722461574068,2.5060000000000002,8.138,Posamezno drevo,,,,,,7,7,1.0,1
146,32,0.12605829187339085,1584.3814200009563,125.79989700197595,253.8508139721569,buffer_union,376.6290055608172,0.5912210822940551,637.0358176325883,1.6130100922855286,0.48712335290556863,8.5769375,4.85314587366728,0.41300000000000003,17.991,Mejica,21.659426177423875,,,,,32,32,1.0,1
147,345,0.2212613789703693,3069.104597000966,1566.1320200026066,1559.2418415063817,buffer_union,311.94690315155515,54.250535961270586,5.750116521876462,1.3343007360785466,0.3500124687893728,10.141730434782609,4.698913228017308,0.11800000000000001,20.263,Skupina dreves oziroma grmičevja,55.7979123090596,,,,,345,345,1.0,1
148,113,0.22725300380230737,573.4026530029395,373.61316649992733,497.24315238667344,buffer_union,104.07026331163422,11.415268678236947,9.116759863045777,1.3273918819628345,0.3046549979776667,16.40513274336283,7.220958160264516,3.6310000000000002,34.745,Skupina dreves oziroma grmičevja,7.707807929674295,,,,,113,113,1.0,1
149,12,0.18461181052306652,29.126820999764863,20.712961499988236,65.00125840269925,buffer_union,3.637633306283251,2.836664617949199,1.2823628437658314,1.2778190071097797,0.40599138137446233,12.181166666666668,2.0869084724113374,7.016,14.536,Obvodna vegetacija,0.0,,,,,12,12,1.0,1
150,8,0.16613672024869483,14.946150000126298,10.575138500047252,48.15311141344653,buffer_union,3.9493870950135417,1.083433458591323,3.6452511815063597,1.4238927311675884,0.1730899048277365,12.238125,2.2427022449212917,8.392,14.681000000000001,Obvodna vegetacija,0.0,,,,,8,8,1.0,1
151,162,0.2199524494292924,3137.9390800023616,892.8969680012998,736.5228276399703,buffer_union,495.1414158481465,10.526460433639826,47.03778815011772,1.291961717683382,0.3027609582105194,12.227462962962962,5.0160207854666226,1.69,22.076,Obvodna vegetacija,0.0,,,,,162,162,1.0,1
152,477,0.231873106792944,7733.709660000655,4377.835918500542,2057.1596533872607,buffer_union,703.8928659556065,372.534988051794,1.8894678044515467,1.3052147852502074,0.3230722793612105,12.776138364779873,5.66706235334536,0.336,27.055,Obvodna vegetacija,0.0,,,,,477,477,1.0,1
153,5,0.12014935329515905,14.456886000122147,6.958367999935335,41.61487234739411,buffer_union,4.637834715669413,0.881288884321094,5.262558961290197,1.753770685123893,0.42281057702924313,11.604400000000002,1.2852513528489282,9.997,13.377,Posamezno drevo,19.79895161326983,,,,,5,5,1.0,1
154,7,0.1670160525620492,11.952297000133163,7.5469535000165955,41.9121389388567,buffer_union,2.81752653799091,0.9499001762733142,2.966129082157602,1.3822370885152637,0.27576864476727697,15.345142857142857,0.9986412810230036,13.977,16.957,Posamezno drevo,7.479732998706762,,,,,7,7,1.0,1
155,1,,0.0,0.0,0.0,buffer_union,,,,,,9.897,0.0,9.897,9.897,Obvodna vegetacija,0.0,,,,,1,1,1.0,1
156,7,0.16635244326678572,13.952263000036305,7.700468500014688,42.07933386811659,buffer_union,3.0974155226795856,0.8457926678373593,3.662145157393584,1.3479954210518987,0.6653978846076789,5.600999999999999,1.2637274796636904,3.681,7.211,Posamezno drevo,2756.1983627051814,,,,,7,7,1.0,1
157,5,0.12282645429558083,14.65185000011244,6.339311500172608,40.707842855803214,buffer_union,4.26557218947043,0.7882777105933612,5.411255617337703,1.7691356256892525,0.35871707238110684,14.904,0.6889304754472689,13.696,15.715,Posamezno drevo,,,,,,5,5,1.0,1
158,102,0.24942937237423807,400.2559339995859,282.6834269999899,408.9333947686063,buffer_union,91.79073576688674,7.428358566725622,12.356799277036995,1.2286996101374483,0.23657891234115233,14.875676470588237,5.863571221854485,0.317,21.815,Mejica,1553.4228618812706,,,,,102,102,1.0,1
159,847,0.2521793274125055,16759.984054002074,3338.164317999934,3358.720989109901,buffer_union,2627.0939049163007,26.498834884466874,99.13997790356642,1.289060345519132,0.2901685002764405,13.15704722550177,6.07585845418298,0.148,25.271,Mejica,24.453189935285543,,,,,847,847,1.0,1
160,9,0.18573450374618905,17.974367999886994,11.575272499951366,48.45626320620928,buffer_union,2.7147524910115317,1.4680930645080916,1.8491692091203724,1.1856142360043205,0.2993949362199892,16.47522222222222,0.5728990172365613,15.097,16.955000000000002,Posamezno drevo,7.788190542549985,,,,,9,9,1.0,1
161,5,0.14684764110696144,8.143589999970773,4.276028999976197,34.048895592119734,buffer_union,2.3478429922803445,0.7199264077071966,3.2612263797319163,1.4295388339221744,0.24994863928584912,4.387600000000001,2.1989281570801715,1.087,7.476,Posamezno drevo,21.900290404894545,,,,,5,5,1.0,1
162,111,0.20576097999220128,833.4538680017462,458.3432179999078,539.4608832258045,buffer_union,122.09006135157478,15.155527707609856,8.055810639326747,1.344313380909599,0.37650747170387044,11.347963963963965,4.173615920824203,1.853,16.416,Mejica,1825.156021334853,,,,,111,111,1.0,1
163,220,0.22897764023189693,1167.1974929975258,816.3679824983706,960.792502609404,buffer_union,129.5231589119162,41.84224514485672,3.0955116883310283,1.3555399728669701,0.3252633410777304,11.708331818181817,5.598584202837387,0.112,24.437,Skupina dreves oziroma grmičevja,1752.8355057254164,,,,,220,220,1.0,1
164,117,0.2684385719450092,318.69091800029815,285.84561850031724,435.8539056152033,buffer_union,134.33511129376592,5.064520543000353,26.524744080548704,1.2264710885836487,0.22167168412261565,17.728598290598292,4.711996517455197,2.212,24.153000000000002,Mejica,1463.207055033357,,,,,117,117,1.0,1
165,1308,0.24429195310327262,25011.74827199901,5330.186650002376,5354.249222638343,buffer_union,5060.616506845004,35.80506445785238,141.33800856027125,1.303207889576918,0.3269168993487791,12.120817278287461,5.164269305944376,0.1,25.237000000000002,Mejica,1378.2317785366818,,,,,1308,1308,1.0,1
166,306,0.21079419334706395,5766.874680008056,1529.1301914971045,1451.652890154254,buffer_union,1554.6010091349917,8.541371882316128,182.00835071396483,1.3482930207988673,0.35250501595374706,10.371898692810458,4.546217580266311,0.16,20.449,Mejica,1916.8845521999444,,,,,306,306,1.0,1
167,1176,0.21192299005652912,67450.63743597835,37590.8231359958,5549.185577677577,buffer_union,16910.29325027921,680.3143532739571,24.856587500910145,1.360746161283673,0.3792589749744904,13.261696428571428,5.87992549574954,0.122,29.786,Mejica,5.209842262555787,,,,,851,1176,0.7236394557823129,2
247,157,0.18745044906591835,4980.258188995422,744.5267794996985,837.5546752880266,buffer_union,757.4392792292272,5.8179908826734845,130.18914854008304,1.395341436939975,0.4066714669163833,7.630292993630574,1.5431119284448789,3.77,11.777000000000001,Mejica,,,,,,157,157,1.0,1
168,158,0.1946763415873685,4657.973354995919,841.9916109966447,811.6034989752026,buffer_union,627.0988620391223,5.740513901078714,109.24089251334844,1.3569588829387584,0.37055574257480645,7.681158227848101,2.074457716304697,1.7,13.048,Mejica,,,,,,154,158,0.9746835443037974,2
169,1,,0.0,0.0,0.0,buffer_union,,,,,,5.672,0.0,5.672,5.672,Drevesa v vrsti,,,,,,1,1,1.0,1
170,3,0.12745143849742888,3.8872679998944912,0.07692199996144933,23.538376932956467,buffer_union,1.9863567274546483,0.0009929391493962436,2000.481830797438,1.3443157343310779,0.1754751826463641,4.690333333333334,0.7326728844140171,3.736,5.517,Drevesa v vrsti,,,,,,3,3,1.0,1
171,187,0.19529288674064435,10465.356288002658,736.634790001054,957.5361556734138,buffer_union,1500.9177394727117,2.811724649801704,533.8068005978336,1.32454623736584,0.36630942744500555,7.496401069518717,2.0816781446628037,1.788,13.008000000000001,Mejica,,,,,,187,187,1.0,1
172,3,0.13899836219794545,1.8374570000201005,0.39790399998792647,21.58298811987256,buffer_union,1.1890172101200944,0.04438612322255628,26.788039229248476,1.0993791561436643,0.13688244727786852,5.852,0.629996825388827,5.16,6.684,Drevesa v vrsti,,,,,,3,3,1.0,1
173,2,0.1125225290874423,0.8859950000465278,0.0,17.774218338496297,buffer_union,0.8887330000460281,-5.551115123125783e-17,,1.333216411574676,0.0,6.2745,0.14650000000000007,6.128,6.421,Drevesa v vrsti,,,,,,2,2,1.0,1
174,2,0.12075589052395794,0.09006800003827015,0.0,16.562339040538983,buffer_union,0.5160325000204331,0.0,,1.015905999608658,0.0,5.859,0.3330000000000002,5.526,6.192,Drevesa v vrsti,,,,,,2,2,1.0,1
175,2,0.09999522181700564,1.5198749999690335,0.0,20.00095568226312,buffer_union,1.8913969999385274,0.0,,1.9449406160284315,0.0,4.4615,1.6855,2.7760000000000002,6.147,Drevesa v vrsti,,,,,,2,2,1.0,1
176,1,,0.0,0.0,0.0,buffer_union,,,,,,6.715,0.0,6.715,6.715,Drevesa v vrsti,,,,,,1,1,1.0,1
177,1,,0.0,0.0,0.0,buffer_union,,,,,,5.562,0.0,5.562,5.562,Drevesa v vrsti,,,,,,1,1,1.0,1
178,64,0.16773595984017026,2029.3036619950876,252.72206099895746,381.5520539601846,buffer_union,301.02758511009193,1.386730230149297,217.07725018562763,1.4531380255634088,0.49876889427604554,5.2838125,1.445751922389782,1.674,8.055,Mejica,,,,,,64,64,1.0,1
179,2,0.10913287518033515,0.20930799999136523,0.0,18.326283410889037,buffer_union,1.0964200000233086,-3.469446951953614e-18,,1.4808240949034486,0.0,4.221500000000001,0.6045000000000003,3.617,4.8260000000000005,Drevesa v vrsti,,,,,,2,2,1.0,1
180,3,0.12054826169940754,3.423126000023611,1.4814870000049933,24.88629829835816,buffer_union,1.1824987355973744,0.6186909310802278,1.911291528926639,1.7225308968957957,0.07042472983045316,3.7136666666666667,1.0959721204888786,2.657,5.224,Posamezno drevo,,,,,,3,3,1.0,1
181,2,0.1134230319308835,0.3385560000012452,0.0,17.633102959359597,buffer_union,0.8395565000487901,0.0,,1.2958059268646598,0.0,4.11,0.8099999999999998,3.3000000000000003,4.92,Posamezno drevo,,,,,,2,2,1.0,1
182,3,0.12316417773789846,2.4317820001722494,0.871557500058402,24.35773172930362,buffer_union,1.9166467783319596,0.1321078883696966,14.508193280391627,1.445038247787634,0.2085924156103929,6.670333333333335,1.5259194678036656,4.525,7.945,Posamezno drevo,,,,,,3,3,1.0,1
183,6,0.10181045546558688,39.65404999949206,28.207245999867506,58.9330434930435,buffer_union,18.822337708544296,2.655751824773271,7.087385776399198,2.4110680390994195,1.2013489268272075,5.501,0.8802270540415507,4.442,7.1610000000000005,Drevesa v vrsti,,,,,,6,6,1.0,1
184,2,0.10844537670021748,1.1422319999748907,0.0,18.442464407945472,buffer_union,1.143289999976326,0.0,,1.512144173004893,0.0,4.1635,0.5244999999999997,3.6390000000000002,4.688,Drevesa v vrsti,,,,,,2,2,1.0,1
185,2,0.10932251356540207,1.0566179999237233,0.0,18.29449337353099,buffer_union,1.0837624999322404,0.0,,1.4722516768081741,0.0,3.3564999999999996,0.9164999999999999,2.44,4.273,Drevesa v vrsti,,,,,,2,2,1.0,1
186,2,0.0966837882278258,2.0284170000130994,0.0,20.685991277950315,buffer_union,2.299265000016355,0.0,,2.1444183360605527,0.0,5.136,0.3230000000000004,4.813,5.4590000000000005,Drevesa v vrsti,,,,,,2,2,1.0,1
187,1,,0.0,0.0,0.0,buffer_union,,,,,,4.573,0.0,4.573,4.573,Drevesa v vrsti,,,,,,1,1,1.0,1
188,2,0.07970544716691812,9.109161000333312,0.0,25.092387924399016,buffer_union,11.950889000172896,-2.220446049250313e-16,,4.8889444668911715,0.0,4.09,0.6720000000000002,3.418,4.7620000000000005,Drevesa v vrsti,,,,,,2,2,1.0,1
189,1,,0.0,0.0,0.0,buffer_union,,,,,,5.801,0.0,5.801,5.801,Drevesa v vrsti,,,,,,1,1,1.0,1
190,3,0.09781957286675408,9.303913000028697,3.277904500011155,30.66870884916335,buffer_union,8.501862506930982,0.42126682643299246,20.181656787264984,2.544497507841176,1.5816708778871182,4.568666666666666,0.6809588011685352,3.922,5.51,Drevesa v vrsti,,,,,,3,3,1.0,1
191,3,0.12143547802885489,3.711855000109073,1.3518525000587915,24.704477214534908,buffer_union,1.4390780385979345,0.4233046281251265,3.3996274620757303,1.5795557460259442,0.38478129539392136,5.808333333333334,0.17932527862952174,5.577,6.014,Posamezno drevo,,,,,,3,3,1.0,1
192,589,0.23800657762330507,7000.854468002787,2416.625406502662,2474.7215219077475,buffer_union,1227.2262732369804,34.313372596588124,35.76524778444562,1.3284552698705792,0.32316633566968345,14.683770797962648,5.432471943108558,1.9140000000000001,26.702,Skupina dreves oziroma grmičevja,91.04132517608862,,,,,589,589,1.0,1
193,7,0.14608416826392703,19.37328899969561,11.0979509998249,47.91758123545089,buffer_union,3.15944375045715,1.766365011395929,1.7886697993187117,1.4485464821166594,0.3497818960420999,5.633428571428572,0.6265465111324496,4.548,6.699,Posamezno drevo,79.83805138494026,,,,,7,7,1.0,1
194,4,0.11813163974468939,5.857828000033487,3.5301440000012665,33.86053057965633,buffer_union,4.811497264275358,0.35190765230899346,13.67261334814797,1.832613408698533,0.9127921966330912,4.653499999999999,1.6051832449910506,2.1270000000000002,6.444,Obvodna vegetacija,0.0,,,,,4,4,1.0,1
195,176,0.23765217356368348,860.7357000004743,599.1938490000326,740.5781203715244,buffer_union,91.1125660524817,34.197730003470696,2.6642869583225193,1.3027215930440013,0.28338468053453214,13.088073863636366,4.106116615406447,1.493,20.369,Skupina dreves oziroma grmičevja,,,,,,176,176,1.0,1
262,12087,0.24791635871935383,385930.6321079927,247168.52712252527,48754.346274029944,buffer_union,48085.537081358576,8976.473182392161,5.356840721774891,1.3215525680169555,0.3119046711337877,14.478684619839497,7.377125802851145,0.039,36.115,Obvodna vegetacija,0.0,,,,,11691,12087,0.9672375279225615,3
196,106,0.1787835791059223,4318.471080001462,385.3654330000122,592.8956145194919,buffer_union,908.304210249461,1.4089282374044103,644.6774123306515,1.3424524433091434,0.4245954053246384,9.209075471698114,4.348333067510139,1.576,19.490000000000002,Mejica,24.993608243228856,,,,,106,106,1.0,1
197,1304,0.2297291469247582,16073.811053991021,10989.384006995304,5676.249694284945,buffer_union,3364.155493766508,168.50973508408586,19.96416107406379,1.343580853445355,0.34905139448462147,13.502649539877302,7.632798716161819,0.08600000000000001,33.441,Skupina dreves oziroma grmičevja,19.97587753211181,,,,,1053,1304,0.8075153374233128,2
198,259,0.2258964390868696,2748.422900998885,983.7048519997606,1146.5430842865135,buffer_union,398.4951376476233,18.929948923858618,21.051041355181606,1.341648019725651,0.3456149022766081,11.63007335907336,6.373599902761953,1.471,23.862000000000002,Mejica,80.16608180610166,,,,,259,259,1.0,1
199,79,0.18772389077434298,1945.8255990019732,238.39975700111714,420.83082592275605,buffer_union,406.33491675018627,1.2358766799540746,328.7827364501171,1.3942215086194947,0.3715553080216693,16.360367088607592,5.174526552493584,4.349,24.285,Mejica,20.77103751172377,,,,,79,79,1.0,1
200,193,0.22706096330625566,6793.673257001231,600.5028814994332,849.9919897709811,buffer_union,916.8113187571469,2.693532531581468,340.37506805936164,1.2662178777029947,0.3150237118529692,14.110512953367873,5.401419700257481,0.8130000000000001,22.511,Mejica,41.578318311041485,,,,,193,193,1.0,1
201,11,0.206791439204505,19.401876000383538,13.960051500171467,53.193691394166585,buffer_union,2.2695517239956335,1.9565033669420882,1.1600039960794055,1.3252161982687587,0.16369464554547478,19.045818181818184,1.0338687113926477,15.96,20.198,Posamezno drevo,380.305277022899,,,,,11,11,1.0,1
202,135,0.22101800818387388,1397.1666659994544,497.22516499929293,610.8099566605813,buffer_union,158.741995772922,15.266500243902392,10.398060671195763,1.3550012020679434,0.28809981838692106,16.266066666666667,8.05588913565262,0.318,28.86,Mejica,225.74022539929769,,,,,135,135,1.0,1
203,1033,0.2699316315382699,14199.610463996583,3785.747089495423,3826.894958968694,buffer_union,2279.948460034423,41.59421604429161,54.814074572450636,1.3034714391549185,0.28427719887041275,15.271475314617618,5.057008002532444,0.15,24.315,Skupina dreves oziroma grmičevja,54.38647335569536,,,,,1033,1033,1.0,1
204,2,0.11834500342827241,0.061712000010069,0.0,16.89974178937075,buffer_union,0.6087699999513757,-2.168404344971009e-19,,1.1034219500729316,0.0,7.423,1.153,6.2700000000000005,8.576,Mejica,225.74022539929769,,,,,2,2,1.0,1
205,12,0.14821143966304562,90.6039240002091,28.185709500120566,80.96541014163043,buffer_union,15.35623528519218,1.0449833814849816,14.695195691409069,1.6207123803585342,0.35891474871493756,19.221916666666665,2.9983096476274023,10.016,21.017,Mejica,225.74022539929769,,,,,12,12,1.0,1
206,17,0.14767636330096015,145.0440000006929,51.04045150022745,115.11659428770257,buffer_union,28.869617483412533,1.9005745533835716,15.189942131981235,1.590589878024418,0.3570579355100879,11.667588235294119,1.7723949586007506,8.399000000000001,13.864,Mejica,254.02006291795442,,,,,17,17,1.0,1
207,10,0.13368309006932724,35.3830540000455,18.874625500428515,74.80377656451583,buffer_union,22.06613550280034,0.5460274416362539,40.412136497528074,1.4339870196801006,0.37317814432601654,26.9904,6.207938147243414,8.966,30.54,Obvodna vegetacija,0.672463757357342,,,,,10,10,1.0,1
208,410,0.24282544230139705,3017.1540540009896,1539.568015499105,1688.4556911096015,buffer_union,382.12158088521744,40.57276114334628,9.418180328796366,1.3323386761980445,0.3064430567476109,12.998202439024393,6.109457808005464,0.28,23.485,Obvodna vegetacija,0.0,,,,,410,410,1.0,1
209,48,0.2191711229079076,233.94632799882848,120.67120899984812,219.00695385025188,buffer_union,56.617541633128454,2.601241407204066,21.76558526107102,1.3434543532645213,0.3275685753125917,4.486125,1.5900810726841361,0.915,7.057,Obvodna vegetacija,1.262641466911719,,,,,48,48,1.0,1
210,247,0.23169853632000018,3375.2292130003993,1064.5400594986806,1066.0403985412618,buffer_union,444.88710098359275,16.872000438943033,26.36836708211129,1.3214578634150536,0.34043168866713275,14.166477732793522,5.123449028721671,0.138,21.462,Obvodna vegetacija,0.0,,,,,247,247,1.0,1
211,105,0.19089126438629464,1803.8883350009366,923.9890515001667,550.0513621593396,buffer_union,421.188631999212,19.02359083512006,22.140332792568383,1.3287791010057814,0.5505042413861984,7.9542190476190475,3.0447199761177584,0.043000000000000003,15.255,Obvodna vegetacija,0.0,,,,,105,105,1.0,1
212,55,0.1800434822506044,346.00087200017794,261.54910499996254,305.4817609195368,buffer_union,34.666399228823096,25.38145412470805,1.3658161214284583,1.4208864175230729,0.37347253441148687,5.90378181818182,3.347632437143432,1.101,13.648,Obvodna vegetacija,0.0,,,,,55,55,1.0,1
213,8,0.1447715702945297,21.21287200023441,15.915300999997015,55.259468303924905,buffer_union,4.159286601135676,2.4295983810267514,1.7119235152675547,1.3225988027500755,0.12623750208875742,7.87425,1.8261358622785984,4.485,10.584,Obvodna vegetacija,0.0,,,,,8,8,1.0,1
214,3,0.10121346301403453,8.956199999837333,3.26409099979169,29.640325611465464,buffer_union,12.144941145473684,0.2924205210850795,41.5324516227783,2.720139404960108,2.214644204095836,3.3770000000000002,1.750563337900117,0.915,4.833,Obvodna vegetacija,0.0,,,,,3,3,1.0,1
215,35,0.14838963188144777,254.65563199991394,185.15080900012725,235.86553559188275,buffer_union,130.9282117800432,4.32931924024198,30.24221696636194,1.4523055526588822,0.4750792824206873,6.696657142857141,2.523111106130198,0.127,10.285,Obvodna vegetacija,0.0,,,,,35,35,1.0,1
216,65,0.20493549596231908,800.1395519990214,209.39698800002995,317.17297042554,buffer_union,125.18892253780369,3.081247181028157,40.62930209189851,1.305805556395498,0.30929553149576644,11.485861538461538,3.5553496544564767,0.089,15.062000000000001,Obvodna vegetacija,0.0,,,,,65,65,1.0,1
217,6,0.14446119651711595,11.677511999659782,8.124801999808446,41.533644637154254,buffer_union,2.570157993183873,1.382120740088187,1.8595755917966201,1.6218021136597176,0.4677690713244161,13.132333333333335,0.41723201645553937,12.447000000000001,13.683,Posamezno drevo,0.0,,,,,6,6,1.0,1
218,69,0.2079230376071934,510.5810709997676,216.65938450047315,331.85355886515214,buffer_union,100.40057281416395,4.673328415575401,21.483740042652702,1.294856113232745,0.3327798283289055,10.942289855072463,3.039403255224304,2.733,15.116,Mejica,,,,,,69,69,1.0,1
219,150,0.17072322692354638,9031.797356995829,845.4813980006461,878.6150701519559,buffer_union,1882.9825401101739,2.6839424018759814,701.5733790688039,1.403261197476737,0.5261625905224867,8.123686666666668,2.8162021213842037,0.614,13.067,Mejica,,,,,,150,150,1.0,1
220,64,0.1966451210756328,642.797689999701,215.86818949938157,325.4593841429943,buffer_union,158.81430315409813,2.4597132573729628,64.56618578529593,1.3333316692384896,0.4502540294470917,9.02328125,3.820672881136049,0.166,14.317,Mejica,,,,,,64,64,1.0,1
221,14,0.16215317881683608,85.1087280002787,37.49423799978866,86.33811623152963,buffer_union,18.816385566226526,1.596593301940005,11.785334150758944,1.3442220771511177,0.43108369265559754,7.9215,1.5101521564777125,3.6430000000000002,9.666,Posamezno drevo,,,,,,14,14,1.0,1
222,6,0.15480608047783379,10.79680199968922,6.080562999736076,38.75816751822692,buffer_union,2.5752142998997805,0.8471126667263937,3.039990311857231,1.419995058067727,0.4101640342594882,14.4385,0.6779303676140593,13.299,15.381,Posamezno drevo,,,,,,6,6,1.0,1
223,4,0.14663509403308117,3.4923280001024044,1.3209960000216223,27.278599481087333,buffer_union,2.1097146530504847,0.13413534696883261,15.728252848525402,1.1831150267199932,0.16091250276232794,7.606250000000001,2.170926343177032,3.85,8.981,Posamezno drevo,,,,,,4,4,1.0,1
224,6,0.1386640866301802,15.664607999989887,8.770352499875306,43.27003585291782,buffer_union,3.0938694524954227,1.7476111141604338,1.770342055750625,1.484269844366577,0.7131035659458058,7.196833333333334,0.5197228160813759,6.106,7.665,Posamezno drevo,,,,,,6,6,1.0,1
225,734,0.23984700067042167,4641.0138340002,2826.558697501148,3060.2842559978617,buffer_union,299.08741179550714,223.9580269133829,1.3354618984528783,1.2970175002462792,0.32805795780092784,10.365137602179836,3.202691982708689,0.7010000000000001,17.655,Skupina dreves oziroma grmičevja,,,,,,734,734,1.0,1
226,7,0.1685400231167913,13.12089600011515,7.9216544999523215,41.533161504014316,buffer_union,2.6389264456168076,1.0178796972245514,2.592572042464702,1.3571354204894364,0.31586980880890664,8.109999999999998,2.2644680863915294,4.928,10.746,Posamezno drevo,,,,,,7,7,1.0,1
227,5,0.13858685508134033,6.795452999976821,5.3587539999427545,36.078457780612496,buffer_union,2.159158581725442,1.0405774182376166,2.0749619815720397,1.6563254159866745,0.4299705993100864,8.3318,0.7599827366460373,7.038,9.032,Posamezno drevo,,,,,,5,5,1.0,1
228,7,0.1707446911134899,12.201896000049551,7.8323475000342775,40.99688227112882,buffer_union,1.9564347520894363,1.272605105072789,1.537346301920999,1.2803921281467154,0.3161742258031049,7.066571428571428,0.7693072685665904,6.135,8.143,Posamezno drevo,,,,,,7,7,1.0,1
229,6,0.1534590944189925,12.39111999962234,6.74547249982569,39.098367045084196,buffer_union,2.088424179555032,1.0935172870756436,1.9098227382760764,1.4677498740196055,0.5093521773851167,6.223833333333334,0.5427446964785153,5.029,6.648000000000001,Posamezno drevo,,,,,,6,6,1.0,1
230,6,0.14788785840088128,17.371598999676895,7.376556499779696,40.5712819488922,buffer_union,3.4378370773380666,0.9199963892188255,3.7367940979172265,1.5298586719792227,0.7469534414631334,9.216666666666667,0.4094376902804895,8.778,9.776,Posamezno drevo,,,,,,6,6,1.0,1
231,18,0.1910075264991519,76.27686599974135,33.33526849960865,94.2371242113327,buffer_union,12.40731023900405,1.4494450224013826,8.560041979686897,1.401780680643491,0.4023963373187563,4.563,1.0565055082151198,1.913,5.924,Mejica,,,,,,18,18,1.0,1
232,8,0.17241512369791392,18.69913199966399,10.801781999832723,46.39964191318092,buffer_union,3.6650665392323942,1.2391508535805245,2.957724258222629,1.1367742707590471,0.1279648674606201,9.658625,1.2589555132628796,6.928,11.290000000000001,Posamezno drevo,,,,,,8,8,1.0,1
233,85,0.18939298786153907,1781.0137800010375,309.7277880006503,448.8022548234023,buffer_union,284.89082608576655,2.975946828920229,95.73115464201163,1.4277893281074099,0.526128265915238,7.099388235294116,1.4859253096114704,3.059,10.347,Mejica,,,,,,85,85,1.0,1
234,8,0.11585867289423864,152.53150500051572,17.918237999763015,69.04964298445559,buffer_union,35.22695852982359,0.4328592916604581,81.38200844595983,2.5991949058893384,1.8198889639758788,6.222875,0.8888758964979308,4.008,6.938,Drevesa v vrsti,,,,,,8,8,1.0,1
235,6,0.10320364415738331,119.89932000002393,12.258870000167795,58.137481956064754,buffer_union,33.338428635173486,0.23082153150174634,144.43379011598515,2.7719276930214582,1.6810005546112985,7.510999999999999,1.5122578043001353,5.805,9.581,Drevesa v vrsti,,,,,,6,6,1.0,1
236,4,0.12103461489526011,11.924605000127961,0.8609280000457364,33.04839696859849,buffer_union,5.066782821608561,0.017534345075676416,288.9633345152528,1.710489590810505,0.3354785533056575,4.91775,0.8839913390412827,3.646,5.925,Drevesa v vrsti,,,,,,4,4,1.0,1
237,2,0.09971477942641059,0.023531999976380728,0.0,20.05720728165475,buffer_union,1.9228325000199442,0.0,,1.9610367156277029,0.0,6.8325,0.0844999999999998,6.748,6.917,Drevesa v vrsti,,,,,,2,2,1.0,1
238,2,0.11895814078851097,0.1699709999868842,0.0,16.812636669865984,buffer_union,0.5840210000165468,-3.469446951953614e-18,,1.0807599178509044,0.0,7.8815,0.3144999999999998,7.567,8.196,Drevesa v vrsti,,,,,,2,2,1.0,1
239,8,0.16685852592329425,22.836032000092796,11.418719500044716,47.94480806858885,buffer_union,2.593092908780294,1.8023865733590907,1.4386996369749756,1.392744147461399,0.5496970663056817,5.223625,1.7870314726873167,0.867,6.765000000000001,Posamezno drevo,,,,,,8,8,1.0,1
240,4,0.15753447988153918,2.830463999998676,1.3937619999984188,25.391266743686018,buffer_union,1.2556737240344786,0.24613485929620282,5.101568008793829,1.1320145021268324,0.08104114374672411,3.4215000000000004,0.4984047050339714,2.6270000000000002,3.9090000000000003,Posamezno drevo,,,,,,4,4,1.0,1
241,2,0.08316722861593275,3.9871680000028333,0.0,24.047933702781222,buffer_union,5.478432499975892,0.0,,3.3101155568879745,0.0,8.0765,1.3615000000000004,6.715,9.438,Drevesa v vrsti,,,,,,2,2,1.0,1
242,1,,0.0,0.0,0.0,buffer_union,,,,,,7.821,0.0,7.821,7.821,Drevesa v vrsti,,,,,,1,1,1.0,1
243,386,0.20231680392706225,20165.42555200105,6365.742258504209,1907.8988621190254,buffer_union,3191.696158476957,178.07491773468416,17.923333611936865,1.3390036655748383,0.3770933484204292,7.747028497409326,1.7247185868573198,1.96,11.954,Mejica,,,,,,386,386,1.0,1
244,2,0.08398191916643098,3.1655049999612137,0.0,23.814649865722934,buffer_union,5.149537000073917,1.1102230246251565e-16,4.638290582932695e+16,3.2092170384920733,0.0,9.1265,0.2925000000000004,8.834,9.419,Drevesa v vrsti,,,,,,2,2,1.0,1
245,6,0.11351497897713089,54.468269999984265,15.207569999785402,52.85646047830199,buffer_union,18.219050109443415,0.7377358239575944,24.69589996552839,1.7926095583674304,0.3156701409849227,7.5680000000000005,1.5754077778996352,5.455,10.52,Drevesa v vrsti,,,,,,6,6,1.0,1
246,4,0.16718289805419193,2.386255999973096,1.3746309999914605,23.925892220766563,buffer_union,0.8375483281333664,0.2597375885357419,3.2245942254835143,1.1295309791577237,0.0970541969399197,7.2865,0.818945205737234,6.417,8.31,Drevesa v vrsti,,,,,,4,4,1.0,1
248,191,0.22444484730102893,1107.5131559979181,705.4658124995585,850.9885715657701,buffer_union,90.00538532718869,43.46084367822297,2.0709534769636306,1.355013593749601,0.3178154549007667,9.057643979057591,2.785980626504707,0.787,14.651,Skupina dreves oziroma grmičevja,126.35237752037399,,,,,191,191,1.0,1
249,29,0.17678249100685262,239.277240000334,81.46084149939583,164.04339499252714,buffer_union,53.89252221267908,1.3858634819025166,38.887323979917056,1.46013052765505,0.4741600712979808,13.903482758620688,5.058697246911465,6.119,20.578,Obvodna vegetacija,49.77761353218216,,,,,29,29,1.0,1
250,30,0.15022311056062868,783.187248000438,90.99540749922167,199.7029610693108,buffer_union,201.69613547432152,0.7636290268081218,264.1284293728164,1.5045123029192549,0.606288817616716,7.502733333333334,3.492863943655534,1.616,14.718,Mejica,2516.5810677465115,,,,,30,30,1.0,1
251,154,0.18103637002726847,2835.5856300014857,1481.5987409993718,850.6577986335225,buffer_union,246.7528884597123,101.5142193031114,2.4307224165605077,1.394402090564909,0.42249842630161777,7.183974025974025,5.313291751173804,0.633,19.299,Skupina dreves oziroma grmičevja,95.35540536912968,,,,,89,154,0.577922077922078,2
252,1350,0.23305652933322074,47319.96321000204,10105.953099999471,5792.586047094996,buffer_union,6439.933459478024,115.5303377784544,55.74235809668884,1.3095189302744819,0.35018955945489666,11.616220740740742,5.765490721090202,0.23500000000000001,23.92,Obvodna vegetacija,0.0,,,,,1350,1350,1.0,1
253,4,0.11992988026610546,11.719110000422356,2.909197500205026,33.35282242527577,buffer_union,4.133658028455185,0.330984221638271,12.488988169873592,1.7695376224852422,0.3814853899643206,10.5795,1.578694634817006,9.027000000000001,12.657,Drevesa v vrsti,43.34954080418078,,,,,4,4,1.0,1
254,9,0.13445260501921352,84.00876000020037,13.135463999888575,66.93808571960271,buffer_union,20.818964680786472,0.27131287487286393,76.73415679422567,1.5965437084075746,0.4682090801906992,9.355777777777778,1.5488668817183584,7.273000000000001,11.588000000000001,Drevesa v vrsti,43.34954080418078,,,,,9,9,1.0,1
255,605,0.233744430074976,16019.85196799549,6103.16442350147,2588.2969694975827,buffer_union,3254.6440594652895,163.80885817516338,19.86854737724286,1.3110508196036097,0.34398580306858006,11.436047933884298,4.787836727059004,1.223,22.075,Obvodna vegetacija,1929.4089567335757,,,,,473,605,0.7818181818181819,2
256,70,0.21668226611992955,355.9851679997546,217.3913364994292,323.0536640283073,buffer_union,44.274333676761046,10.055148411273375,4.40315069115466,1.3094463335719375,0.3511484823240863,10.474257142857141,3.0312126035900655,0.20700000000000002,14.468,Skupina dreves oziroma grmičevja,1927.5969890267797,,,,,70,70,1.0,1
257,612,0.22354525520493293,7869.1569809965695,3385.6722004986436,2737.700692591104,buffer_union,629.1900103031187,110.45484201345784,5.696355169531256,1.300929808728747,0.3296353309135535,10.045119281045753,3.654304742465345,0.08,18.129,Skupina dreves oziroma grmičevja,798.2957909421067,,,,,561,612,0.9166666666666666,2
258,46,0.22130832595210317,312.0880700006342,147.90713200025726,207.8548098093498,buffer_union,27.38857859486968,8.043646084329492,3.404995484352263,1.3196569004305971,0.3863844277411498,14.471521739130436,6.517636890839483,1.522,21.156,Skupina dreves oziroma grmičevja,810.762900859946,,,,,46,46,1.0,1
259,94,0.22456458941915675,556.6734419989843,306.3988989997063,418.58781138706644,buffer_union,52.942298457025316,15.535811624175413,3.4077587793766333,1.3331251788761063,0.28589694987960507,13.115031914893615,5.032763902567002,0.196,19.335,Skupina dreves oziroma grmičevja,819.3230842017092,,,,,94,94,1.0,1
260,89,0.22931697573239698,533.834569999469,307.43048549947457,388.109077907338,buffer_union,47.59913913556782,16.969668708178165,2.8049539418897695,1.288040039401691,0.23885175375682433,13.87826966292135,6.355766628259717,1.617,22.418,Skupina dreves oziroma grmičevja,68.70872088081195,,,,,89,89,1.0,1
261,311,0.209105424990796,3706.9875920009727,1359.5433769998087,1487.288051056968,buffer_union,863.3024069360374,13.819324353371321,62.47066678954016,1.3592412007123778,0.3741019576028019,11.665067524115756,5.514427975389836,1.6400000000000001,24.057000000000002,Obvodna vegetacija,0.0,,,,,311,311,1.0,1
263,972,0.24463409483031895,6339.337928000973,4056.438959000194,3973.2809961513767,buffer_union,423.55046309863155,256.92459226551324,1.6485399835175076,1.3251283948074517,0.34204091914127255,13.360412551440328,6.759937155116028,0.088,29.771,Skupina dreves oziroma grmičevja,78.1299214451924,,,,,972,972,1.0,1
264,234,0.19783225193093096,5411.471320000672,1980.9031870006745,1182.8202819108396,buffer_union,1261.6127838748064,39.87126039662087,31.642159573709623,1.4206011011446729,0.4771558484770662,9.184175213675212,7.235845644829352,0.194,29.097,Obvodna vegetacija,0.0,,,,,234,234,1.0,1
265,280,0.25067472196272744,1675.8413119980642,950.8933979990212,1116.9853817236224,buffer_union,193.0214838095561,34.28264020155558,5.630298094742356,1.3313217604522134,0.27187303129953344,19.84914642857143,7.7742220623665785,1.066,32.975,Obvodna vegetacija,0.0,,,,,280,280,1.0,1
266,1101,0.24359370780729095,7104.636022000789,4870.581961999933,4519.821180566004,buffer_union,866.6433670088477,193.52911035509234,4.4781033996317525,1.3177756514538888,0.31732204852578594,14.429959128065397,7.1063077065341185,0.039,27.924,Skupina dreves oziroma grmičevja,19.361619925422108,,,,,1101,1101,1.0,1
267,16,0.13095272098666286,322.64566399854994,34.516407499847276,122.18150092222636,buffer_union,75.49898481662412,0.336157362501341,224.5941729636308,1.4256798894706377,0.4599240184162166,7.041875,3.2488582585848524,3.302,12.068,Mejica,54.840474879422885,,,,,16,16,1.0,1
268,7,0.16263813597142932,15.319472000046963,8.153612500049439,43.04033588548808,buffer_union,3.294586240095967,0.97030947418506,3.395397373464803,1.4206917724736794,0.4847199800527896,3.5371428571428574,0.5148451718919078,2.697,4.465,Posamezno drevo,42.83839379388641,,,,,7,7,1.0,1
269,14,0.13478334498103114,197.24214999961717,28.286311499995286,103.87040032260887,buffer_union,42.30274625582328,0.38220104089361406,110.6819232017693,1.673656652671491,0.6743272163108325,8.806071428571428,3.5520219888372977,3.2680000000000002,13.478,Mejica,54.840474879422885,,,,,14,14,1.0,1
270,14,0.13261772211333542,307.7177760000212,24.8345329992774,105.56658474374615,buffer_union,75.04641435410787,0.19106718443272364,392.77500517380753,1.3664761471752889,0.2814387967918582,10.638714285714286,4.2947987883779914,2.239,17.381,Mejica,54.840474879422885,,,,,14,14,1.0,1
271,6,0.13195919198988207,19.976710000235144,10.027829000121562,45.4686021452757,buffer_union,3.434869547426034,1.7007088859422013,2.0196693130835843,1.5440618768180367,0.5192949584872241,14.7615,2.5543889517195044,9.125,16.627,Posamezno drevo,31.072393293863154,,,,,6,6,1.0,1
272,438,0.23130287838954675,6428.551408997449,1738.7458024986531,1893.6210524036198,buffer_union,699.9744502002916,28.78908471445655,24.31388344377606,1.2918559926079496,0.32834767716809304,10.376593607305937,4.7099904200772436,0.875,21.973,Skupina dreves oziroma grmičevja,24.436748167781694,,,,,438,438,1.0,1
273,351,0.2688617687834739,1778.6744360039525,1156.305673002493,1305.5035737813494,buffer_union,253.97690323236787,38.8427576065607,6.538590946732117,1.276348796139839,0.2703776637978373,14.957908831908833,6.871702399844616,0.057,24.638,Skupina dreves oziroma grmičevja,89.02740951498478,,,,,351,351,1.0,1
274,9,0.1805590283659501,20.32751099996184,12.097512000036982,49.84519512233498,buffer_union,3.3270241014148394,1.4241478430137429,2.3361507850015637,1.238678828326418,0.1834941241055963,8.471,0.9375855516520434,6.453,9.614,Posamezno drevo,47.1633535931953,,,,,9,9,1.0,1
275,10,0.20991359852786431,15.544319999842271,10.515372499829535,47.63864785383393,buffer_union,1.9939449201823787,1.4684478908802923,1.3578588198911614,1.2202304830296054,0.2294523224142478,18.969900000000003,1.2789012041592578,17.306,21.428,Posamezno drevo,56.96052882562734,,,,,10,10,1.0,1
276,111,0.19408500433066334,2940.769728001371,448.64468149952614,571.9143546550814,buffer_union,719.9412023392615,1.8937126394220627,380.1744717503594,1.3650541108247058,0.3746282177683978,4.583612612612612,1.4044285181324199,1.366,7.101,Obvodna vegetacija,1.262641466911719,,,,,111,111,1.0,1
277,54,0.1930510622922211,390.5668709998342,164.58133900009463,279.7187405177822,buffer_union,186.47358426615847,1.2219594955466393,152.602099288684,1.300640245959202,0.28977169595453856,4.294203703703703,1.3771233487832744,1.567,7.731,Obvodna vegetacija,1.262641466911719,,,,,54,54,1.0,1
278,128,0.18994102805548574,1050.1566399998278,572.7271990001124,673.8933726451587,buffer_union,228.90746252245447,16.29030715240372,14.051758532292498,1.4233178408478553,0.42149043086714166,8.199796875,3.516597799541516,0.10300000000000001,15.761000000000001,Obvodna vegetacija,0.0,,,,,128,128,1.0,1
279,31,0.1905127682082381,243.72576400029376,77.68373099992888,162.71875261460565,buffer_union,57.20105397871663,1.2748757890283375,44.86794279959864,1.246557399434239,0.260224787942228,6.413516129032258,2.0286337826067578,2.191,10.377,Obvodna vegetacija,0.0,,,,,31,31,1.0,1
280,508,0.22725822167917306,5131.008162000358,2214.155578499975,2235.342669877784,buffer_union,571.6896714478969,65.5006419829287,8.728001041530177,1.3377372863762786,0.35112188851629844,10.53892913385827,3.9428617558426584,0.19,18.246,Obvodna vegetacija,0.0,,,,,508,508,1.0,1
281,9,0.16360415705247158,54.289680000169426,12.55403849997103,55.01082712166962,buffer_union,17.40831955196812,0.31698850353703456,54.917826223102324,1.1865164426569852,0.27570708727260224,3.512888888888889,0.6758034632847439,2.108,4.364,Obvodna vegetacija,0.0,,,,,9,9,1.0,1
282,5,0.11778695446273914,30.43787599994631,5.521642499633687,42.44952272351779,buffer_union,11.53637385808748,0.20291384186479222,56.85355790451458,1.572565027460549,0.47040624386761076,3.3484000000000003,1.9174986414597535,0.18,5.139,Obvodna vegetacija,0.0,,,,,5,5,1.0,1
283,32,0.17439017023430767,374.73825400080483,119.46856600112999,183.49658101144888,buffer_union,70.15257647751592,2.909727901485015,24.109668963105694,1.34610654284355,0.40194354430395335,8.01721875,2.8269211469191067,1.5330000000000001,11.268,Obvodna vegetacija,0.0,,,,,32,32,1.0,1
284,100,0.18087918004454004,1938.3098079999459,585.1244944998191,552.8552262088749,buffer_union,525.682433702938,5.981951795393968,87.87807920948265,1.383532164397589,0.4240582507969507,6.18562,2.5542006098973506,1.041,12.533,Obvodna vegetacija,0.0,,,,,100,100,1.0,1
285,45,0.1796984310544091,444.8312109985309,287.97167049889504,250.41954866247494,buffer_union,112.5220977272317,8.292932519183102,13.568432815164847,1.3492666758788527,0.5117006216947331,4.275622222222223,1.4523019167115185,1.262,6.444,Obvodna vegetacija,0.0,,,,,45,45,1.0,1
286,10,0.18471379734917304,20.31687000038963,14.30424200005768,54.137807481140875,buffer_union,3.0730578873040235,2.3920479460650936,1.2846974461189993,1.0655485229775057,0.10505020304668994,6.8694999999999995,0.9549412809173137,5.61,8.574,Posamezno drevo,,,,,,10,10,1.0,1
287,9,0.17750160133949955,19.59729099983678,12.372110499819286,50.70376792142902,buffer_union,3.086863930798239,1.5180463469286865,2.033445116510169,1.299055980454282,0.31435189705821015,7.152777777777778,0.4804143530508678,6.1530000000000005,7.854,Posamezno drevo,,,,,,9,9,1.0,1
288,124,0.20638523310792017,1605.7446939980578,616.7415809997638,600.8181793469671,buffer_union,222.1978398318509,12.770791384055322,17.398909210064375,1.3820745403061077,0.423262698329028,9.779975806451612,3.529278210186687,2.994,15.868,Obvodna vegetacija,0.0,,,,,124,124,1.0,1
289,20,0.1810098947478868,113.42709599973182,48.559523999824776,110.49119733402578,buffer_union,18.062242106095425,2.0512923149331934,8.80529896914457,1.3539087502965719,0.3533049615708702,4.777900000000001,1.5656531512439145,3.233,9.567,Mejica,28.61521142730816,,,,,20,20,1.0,1
290,1404,0.23515057498022077,17121.436317999225,12621.6878810014,5970.64242823176,buffer_union,2757.574960622671,420.5185069887434,6.557559096195703,1.3260819677391824,0.3238230576564308,11.540665242165241,4.635724788561937,0.099,21.327,Obvodna vegetacija,0.0,,,,,1404,1404,1.0,1
291,5,0.13889866542425777,12.141237999722257,4.75036999986134,35.99746610039625,buffer_union,3.6517625233966777,0.6162841765708169,5.925452351731856,1.2653021035214256,0.17689936903339673,8.8084,1.5698540823910991,6.413,10.462,Posamezno drevo,3.180954672638976,,,,,5,5,1.0,1
292,17,0.19077324808193993,70.56014599979554,35.76834199988893,89.11102668178218,buffer_union,14.494328156924137,1.6496614165828654,8.786244262745695,1.1806545601821254,0.23274320122817038,4.588,1.0489639706704448,2.503,6.026,Posamezno drevo,,,,,,17,17,1.0,1
293,7,0.16535508391271828,12.446745000069752,8.30429899993936,42.33314050201752,buffer_union,1.9544357725539179,1.454402275046871,1.343806872476827,1.3204682448931033,0.22093188980296713,8.26157142857143,1.5898888422189286,5.0200000000000005,10.043000000000001,Posamezno drevo,,,,,,7,7,1.0,1
294,5,0.12579483970713676,9.552215999953232,6.808944999982872,39.74725840615172,buffer_union,2.8170292436841153,1.2384932563132203,2.27456163311694,2.089243289453276,0.11662622980180307,22.07,0.3419467794847613,21.521,22.576,Posamezno drevo,2782.379431129684,,,,,5,5,1.0,1
295,22,0.17010412671948133,210.13331999942625,61.82070149965864,129.3325472125682,buffer_union,46.357490987777005,1.0961207654755274,42.29232074411605,1.382885182511443,0.40728048094117414,9.561727272727271,3.55764325951654,3.119,15.31,Mejica,2763.307976044937,,,,,22,22,1.0,1
296,1,,0.0,0.0,0.0,buffer_union,,,,,,1.3860000000000001,0.0,1.3860000000000001,1.3860000000000001,Skupina dreves oziroma grmičevja,33.11224636892939,,,,,1,1,1.0,1
297,1,,0.0,0.0,0.0,buffer_union,,,,,,0.353,0.0,0.353,0.353,Mejica,21.659426177423875,,,,,1,1,1.0,1
298,1,,0.0,0.0,0.0,buffer_union,,,,,,1.518,0.0,1.518,1.518,Obvodna vegetacija,0.0,,,,,1,1,1.0,1
300,1,,0.0,0.0,0.0,buffer_union,,,,,,1.5210000000000001,0.0,1.5210000000000001,1.5210000000000001,Obvodna vegetacija,12.487878643052312,,,,,1,1,1.0,1
301,1,,0.0,0.0,0.0,buffer_union,,,,,,1.155,0.0,1.155,1.155,Obvodna vegetacija,12.487878643052312,,,,,1,1,1.0,1
302,1,,0.0,0.0,0.0,buffer_union,,,,,,4.116,0.0,4.116,4.116,Obvodna vegetacija,1929.4089567335757,,,,,1,1,1.0,1
303,1,,0.0,0.0,0.0,buffer_union,,,,,,1.094,0.0,1.094,1.094,Obvodna vegetacija,2.993392996173562,,,,,1,1,1.0,1
304,2,0.0802708112844451,6.812840999957131,0.0,24.915656986608287,buffer_union,7.179208999932018,-2.220446049250313e-16,,3.789250321615614,0.0,7.455,0.5920000000000001,6.863,8.047,Mejica,14.229725296080195,,,,,2,2,1.0,1
305,1,,0.0,0.0,0.0,buffer_union,,,,,,2.6710000000000003,0.0,2.6710000000000003,2.6710000000000003,Drevesa v vrsti,59.80547273067452,,,,,1,1,1.0,1
306,1,,0.0,0.0,0.0,buffer_union,,,,,,1.911,0.0,1.911,1.911,Drevesa v vrsti,59.80547273067452,,,,,1,1,1.0,1
307,1,,0.0,0.0,0.0,buffer_union,,,,,,2.2840000000000003,0.0,2.2840000000000003,2.2840000000000003,Drevesa v vrsti,59.80547273067452,,,,,1,1,1.0,1
308,1,,0.0,0.0,0.0,buffer_union,,,,,,0.192,0.0,0.192,0.192,Obvodna vegetacija,0.0,,,,,1,1,1.0,1
