cluster_id,n_trees,density,bbox_area,hull_area,geom_area,geom_type_used,pca_lam1,pca_lam2,pca_ratio,nn_mean,nn_std,height_mean,height_std,height_min,height_max,OPIS,edge_dist_,dist_to_poly
0,608,0.24917031059359904,6051.936791999977,3362.396490499815,2440.0980941572057,buffer_union,609.2353779106829,173.26552418315129,3.516195046780843,1.3004459991671409,0.32470125838639396,13.066253289473686,4.186268745340278,0.993,21.613,Skupina dreves oziroma grmičevja,1109.9100801798943,
1,1486,0.23066804756595172,41704.92542499127,23265.480613496038,6442.157965442217,buffer_union,10149.342994160304,526.9065627198977,19.262130541265762,1.3302584581406172,0.3499462511521868,13.464769179004039,6.256280766194602,0.177,30.191,Obvodna vegetacija,0.0,14.510218801869334
64,421,0.1881175758235217,30124.0704049901,2586.261022503221,2237.962073224629,buffer_union,6375.474308398321,6.526491861822819,976.8608378556502,1.379645610127919,0.43737825853830387,10.55002137767221,3.255432610898829,2.275,17.684,Mejica,96.82162139737719,
2,8,0.15923000124946715,16.09889599985793,12.482225499786045,50.24178821343048,buffer_union,2.8822596052586587,2.1668485018086407,1.3301620315646772,1.4180536838057562,0.4901411784515501,8.82825,0.9059340138773907,7.602,10.345,Posamezno drevo,13.648116389800977,
3,16,0.1547488762647473,256.960301002053,97.25298499981031,103.39331946182858,buffer_union,91.07609473943256,3.0369764066304583,29.98906891097056,1.2765832732982652,0.26869212645213036,6.523312500000001,1.5474829449282308,3.7760000000000002,9.700000000000001,Drevesa v vrsti,3.717761447275775,2.7464210972797174
4,3,0.10554798805496797,5.7070899999135545,1.9877634999506562,28.423090342921935,buffer_union,3.0624259419819575,0.4300733913344228,7.120705450946234,2.0622933176360707,0.06826862616803102,7.167000000000001,1.3032398090911745,5.761,8.902000000000001,Posamezno drevo,36.07423677914454,
5,239,0.24074031712956034,2269.6376640000944,919.9756775005285,992.7709776646022,buffer_union,353.58400299637105,20.90911479757048,16.910519953597245,1.287376131443866,0.33550765499428264,16.030623430962343,7.363485532027037,1.2670000000000001,28.321,Skupina dreves oziroma grmičevja,74.42180058139347,
6,404,0.2235463974567808,5133.914292005048,2935.406881001879,1807.2310920515151,buffer_union,586.3670067662414,98.88384201057568,5.929856636269545,1.3248375283607907,0.42935363714315783,11.272801980198018,2.870379795202884,1.094,17.367,Obvodna vegetacija,2.993392996173562,0.1456017670040983
7,9,0.1700390518941049,20.832484000111958,13.798023999987407,52.92901777413417,buffer_union,4.09102410867403,1.6018100857353512,2.5540007177542163,1.3157401990709863,0.3625884653550984,9.327555555555556,0.9495141577683132,7.492,10.667,Posamezno drevo,0.0,
8,370,0.2525295396506742,2111.37344999945,1349.8570665015434,1465.1751256974667,buffer_union,256.0290558996694,51.187419565471465,5.0017964975201465,1.3244102814986045,0.30096651206909314,13.877843243243243,6.443874284702406,0.674,26.914,Skupina dreves oziroma grmičevja,49.4529053147741,
9,1100,0.2368831077022072,20188.717184999827,11848.22742299953,4643.640530851371,buffer_union,5012.422810009315,199.48798604949647,25.126439487767673,1.295869298120145,0.32550664623016673,9.90263,4.019104583272475,1.228,22.166,Obvodna vegetacija,0.0,6.562906679623304
10,103,0.16195451443046252,3271.4445559982582,718.5454799993704,635.9810367881071,buffer_union,1113.0263316867706,4.345366770641739,256.14094055457485,1.390428457970867,0.4113951096799411,7.883941747572816,3.362924732117597,1.303,14.892,Mejica,9.459089430339334,
11,1942,0.25043257865601437,16402.712004006044,10198.733378502366,7754.582133131587,buffer_union,2149.8917492793817,343.27491631100486,6.262886238188151,1.2960316861556478,0.3056134328483533,12.066575180226572,5.713375580193556,0.075,25.095,Obvodna vegetacija,0.0,
12,96,0.18460177003798287,752.1295540001723,643.0252345003398,520.038350554534,buffer_union,79.33401171398539,65.20482867538634,1.2166892134467422,1.4192195947616384,0.39202601712461327,10.985260416666668,3.078720605641218,2.508,15.902000000000001,Obvodna vegetacija,0.0,3.5555482797796794
13,595,0.25090555355934757,5163.721395998763,3285.765265501189,2371.4102440513043,buffer_union,346.866788850082,193.07407481307376,1.7965477197593924,1.3141423133362717,0.43603231180173363,12.833764705882354,5.225263995591828,0.112,23.792,Obvodna vegetacija,0.0,2.4160049490662865
14,19,0.14274963626611173,106.98143599964234,74.78106899973625,133.10016401429203,buffer_union,44.813532272993875,2.0393996449538614,21.97388451247265,1.6520661271739172,0.8168157918219118,8.941947368421054,3.783081332148566,1.688,15.085,Mejica,775.1963332445746,
15,3,0.10058729425049343,8.314453000250019,1.4955490000521379,29.824840426953664,buffer_union,5.67551105995611,0.1313636069027554,43.20459215281385,2.0849931522349205,0.9299438452439166,3.0256666666666665,0.8544200112096836,2.067,4.142,Mejica,775.1963332445746,
16,250,0.236331092914822,2302.713000005926,1100.1494305003853,1057.8379548648918,buffer_union,349.00789462266033,26.22198835092928,13.309741807214701,1.3295549403454148,0.34366731093559544,13.686884,4.214183735736258,0.681,21.224,Obvodna vegetacija,0.0,
17,132,0.2708103514359526,512.8100010017713,353.54588850046343,487.42597651854663,buffer_union,46.820075490940965,26.510473827280876,1.76609727143995,1.3262622298076214,0.2655101679873747,19.34476515151515,5.688010452431271,1.291,30.273,Skupina dreves oziroma grmičevja,109.40200280203054,
18,182,0.22171739256387293,4618.228104000842,746.6817090023551,820.864786002609,buffer_union,855.9559517708299,5.405749072133574,158.34178396908015,1.296622416290991,0.32863868686413955,14.18117032967033,4.822163377139245,1.5010000000000001,20.663,Mejica,37.43426499961234,
19,1579,0.2331739825966577,64056.823308022445,22436.1851965014,6771.767512035596,buffer_union,7459.33652610727,534.4440840415032,13.957187943216157,1.3728976348837019,0.3328984918173711,18.35110829639012,7.821121357482051,0.029,34.733000000000004,Obvodna vegetacija,0.0,
20,453,0.2594511566220572,3126.2624940009287,1603.6660894997424,1745.9933726943666,buffer_union,283.0132454188214,59.95008354078781,4.720814863022996,1.2968274408342622,0.2740382003952551,16.25821412803532,4.973167466909639,0.8320000000000001,22.585,Skupina dreves oziroma grmičevja,,
21,7,0.16020691397428327,16.404909999981147,8.015834499891467,43.69349503307737,buffer_union,4.028661810199999,0.8835183325841859,4.559794247185164,1.2277987363808245,0.17653645550905095,13.213857142857142,0.9780167145184951,11.606,14.482000000000001,Posamezno drevo,,
22,488,0.2555227388050092,7811.769478004276,1603.4154170007419,1909.8104625921198,buffer_union,1116.278899096607,16.004843232615997,69.746318840647,1.3787384516489805,0.28398238153181343,20.673594262295083,4.604301940128245,1.962,28.569,Mejica,95.60904194229276,
23,10,0.13312621307315742,157.1585399995294,22.8502249998477,75.11668640724166,buffer_union,35.40330586483756,0.4915923128196429,72.01761488452415,1.4025981286707596,0.2679150788305592,12.7863,0.9820376825763868,10.391,13.904,Mejica,31.947109722806754,
24,390,0.22834595672023744,3731.3506889961463,2051.3252240013535,1707.9347740665985,buffer_union,238.702480239427,143.6427192731613,1.661779179949199,1.2830777684867112,0.33142232570239705,11.869071794871795,4.799478039459682,1.145,21.504,Skupina dreves oziroma grmičevja,,
25,750,0.23254343278009335,22024.615135992695,5081.911751997592,3225.2039588202165,buffer_union,1995.3172114696686,102.61441141126147,19.444804916073334,1.3729138403092485,0.3829937028502662,15.591884,8.903702302967982,0.105,32.845,Mejica,1783.1539083689283,
26,107,0.239081677566373,1623.2053499987107,383.2919200013089,447.5457972738001,buffer_union,301.2464075137859,4.054714048798459,74.29535199974332,1.2652155235201334,0.23133039963338695,16.115476635514018,5.605928536302171,3.821,24.583000000000002,Mejica,1842.45764608445,
27,888,0.2526978976142816,9309.395093001636,5584.789056998025,3514.0775146275437,buffer_union,545.9687596394323,258.29800745101335,2.113716497572968,1.299003547518035,0.3312316606899694,13.667865990990991,5.033753359702963,0.135,22.098,Obvodna vegetacija,1786.4705260843002,
28,1381,0.25807099300451697,34984.88116200375,8559.76796300522,5351.240695136275,buffer_union,4898.685284965024,86.20477238502099,56.82614952088457,1.2786181303402206,0.3096546260125359,13.914792903692977,5.536477864942752,0.14100000000000001,25.229,Skupina dreves oziroma grmičevja,1609.9677224172863,
29,7,0.13444749166812647,24.95402800004553,13.857502999950183,52.064935635087735,buffer_union,3.985202061167346,2.2045793197707426,1.8076927536369038,1.630874336588606,0.4477928870414505,11.045571428571426,1.6640889276669302,8.667,13.566,Posamezno drevo,94.2292125078853,
30,234,0.22445799216144977,4038.5799999977753,1432.659980500028,1042.5113302790608,buffer_union,708.4417931537073,23.309008494763745,30.393476123742257,1.2961203384513986,0.34340871697929165,12.191679487179487,6.2069995321526585,0.18,24.34,Obvodna vegetacija,107.0952132123856,
31,9,0.1352240564074245,89.43967000012576,28.893709000201106,66.55620485813095,buffer_union,27.965290644202575,1.0585147448252172,26.419368063522086,1.413031970347284,0.46968025258460566,10.84211111111111,2.84701958953743,6.829,13.859,Posamezno drevo,69.49707245673265,1.8852900261277643
32,384,0.25828044636715836,2605.5810919961364,1450.1637095003055,1486.7559871494302,buffer_union,179.07973410736656,96.37403616811345,1.8581740604386696,1.2790743755637402,0.30898977632682934,13.221156250000002,5.025467063861919,0.234,22.878,Skupina dreves oziroma grmičevja,33.05633919588231,
33,4775,0.26151586089186063,275955.6019499825,45552.948586503844,18258.930772747695,buffer_union,46258.053171409905,230.86310366366888,200.37005670165723,1.3079684547275126,0.3463392162978475,15.156734240837693,6.5147666301237654,0.079,31.591,Obvodna vegetacija,0.0,
34,11,0.20851280098045497,20.865438000340212,13.6740150000016,52.754554867981895,buffer_union,2.4559202214034963,1.508866942225792,1.6276585778867065,1.267030039655738,0.2833936653188005,18.60981818181818,2.1305986277092863,14.409,21.796,Posamezno drevo,54.17343763302399,
35,116,0.19582707647732225,1511.5665330007762,875.3659325013207,592.3593513557528,buffer_union,707.0892253173799,12.265527322185012,57.648497838201166,1.338655506548826,0.3912404172840838,11.526008620689653,6.51068043016387,0.11900000000000001,21.218,Drevesa v vrsti,1521.733437899242,
36,642,0.2449728372801126,7210.117835999338,3195.2955684981443,2620.698715531099,buffer_union,816.8383811142294,130.72498561854152,6.248525308679569,1.275354124108905,0.3001684778969032,12.021431464174455,4.452006049551207,1.077,25.731,Mejica,162.70250149419397,
37,6,0.1330073033030378,15.56690999987556,8.56795050002452,45.11030485543994,buffer_union,3.057532159331623,1.6224368073340596,1.8845308153207334,1.7395160806726324,0.4548358367917144,9.245333333333333,0.725153930019153,8.285,10.059000000000001,Posamezno drevo,53.72133955842126,
38,6,0.136989315858792,14.873709999712613,8.825697499843294,43.79903616851969,buffer_union,3.0993853309381105,1.1819337689654374,2.6223003456877656,1.7650135814964243,0.33981204184360686,9.599333333333334,0.5656104863085749,8.779,10.232000000000001,Posamezno drevo,64.76642226052503,
39,299,0.2710325610584989,1665.4086000028708,913.2560395016806,1103.1884834511256,buffer_union,189.91233302902958,34.34501732591974,5.529545413439206,1.2850667792019368,0.2808020734210476,17.55364214046823,5.5768849736264325,0.705,25.559,Skupina dreves oziroma grmičevja,179.20585495991284,
40,9,0.1763579351841541,23.67789199980557,12.117539499866556,51.03257752820785,buffer_union,3.1503739686680796,1.579860420210788,1.9940837357313823,1.3277290329665408,0.29933157668782434,17.401888888888895,0.2296226104064593,16.806,17.631,Posamezno drevo,278.88415657103934,
41,1618,0.23548907672187694,45301.0573279973,24324.54696849585,6870.807013740726,buffer_union,5738.020847029064,1520.6693686893216,3.7733520285048647,1.3041553307404652,0.31849074129225047,11.037508652657602,4.92020183645779,0.161,28.159,Obvodna vegetacija,0.0,38.4123552872701
42,345,0.1707977964484842,51398.20429998735,2447.5412569911196,2019.9323830507287,buffer_union,10953.734249544459,4.1283458141099345,2653.2986195358417,1.4329806697801395,0.43956556620438364,8.146582608695653,2.3157706951986894,1.452,12.984,Mejica,16.755673159639937,
43,365,0.17969458421582749,48790.58780199225,2030.3044580038218,2031.2242664008502,buffer_union,10467.556780083876,2.0296371668930533,5157.353713672626,1.3702592442646877,0.3948323982185292,9.320556164383563,3.4592053027100915,0.241,17.587,Mejica,1.166215486595902,
44,472,0.20531349170024557,16974.00537301587,4047.6740720027715,2298.9234467314623,buffer_union,3148.407247225468,38.13609305311854,82.5571524288068,1.3679547975197426,0.6325779766347376,9.2751843220339,3.52642768628801,1.369,18.012,Mejica,69.98690068722502,2.5679752378268934
45,105,0.1801452201204183,1015.0221270002428,550.6472954998329,582.8630919533286,buffer_union,283.4900709847776,10.390358887300039,27.28395371706388,1.481308128057664,0.5337191264578125,9.969199999999999,2.667537713929851,1.555,16.297,Mejica,16.14176229597225,
116,486,0.1831429291507951,95383.225620005,6172.051224488758,2653.6651032802924,buffer_union,17079.82887144912,13.04285384655168,1309.5162356637734,1.3879410392034446,0.4761130481794067,7.047131687242799,2.0850041011950156,1.674,13.048,Mejica,,1.632699138239289
46,193,0.19817993654065882,8660.92743001232,1219.5392565041266,973.8624573653747,buffer_union,1580.6881340636592,5.35272782398863,295.3051576767444,1.310515718502911,0.36539243187645,12.764730569948187,4.163415722292243,0.275,19.292,Obvodna vegetacija,0.0,
47,7,0.1051177705162183,203.47459199920863,30.022400500080998,66.59197551112436,buffer_union,79.88478757509642,0.43430252002943703,183.93811661438627,2.355399519547185,1.3036059178264197,4.473714285714285,0.9597223875811639,3.02,6.151,Drevesa v vrsti,,
48,17,0.1287034451692177,364.10178400106213,45.54307149958339,132.08659626514745,buffer_union,105.63798512344404,0.3436230089399537,307.42407340337246,1.6774536125559731,0.7875948279591389,9.789117647058823,3.4765750705907803,3.859,14.316,Mejica,103.95586165710988,
49,124,0.18840941108333065,3023.513051001942,527.6197605017322,658.1412217522227,buffer_union,542.2756250016964,4.081881890878577,132.84941590629364,1.3911303845517147,0.43625736332365445,11.128024193548388,4.13664769501108,0.245,17.452,Mejica,37.29149114765697,
50,3,0.12007965829938737,3.9400000000023283,1.3828715000463645,24.983415530049903,buffer_union,1.58252430407503,0.40280236259588287,3.928786052485794,1.5862597741825046,0.43450384984075413,8.221,0.49329977363330135,7.805000000000001,8.914,Drevesa v vrsti,,
51,4,0.09593218500276982,53.32976799969006,4.1658320000452775,41.69612106598541,buffer_union,20.63479486936536,0.13592138053556901,151.8141942647903,3.0956555239700085,2.008562826197092,6.81775,0.6398110560939063,5.7540000000000004,7.465,Drevesa v vrsti,,
52,7,0.1481554629978886,39.444803999624455,13.244048999736027,47.24766713529665,buffer_union,12.090444393021604,0.6763196546071883,17.876819504889042,1.1027613200575719,0.05573828761965581,4.549999999999999,1.1549677793897855,2.674,5.99,Posamezno drevo,,
53,12,0.1312550167378813,108.3123120007617,48.1337135010462,91.42507690935898,buffer_union,51.419911923914306,1.4441885307077582,35.6047086862785,1.5058366058692292,0.7028632155436064,7.5239166666666675,3.456764900364051,3.537,15.406,Drevesa v vrsti,,
54,12,0.11038041919171517,243.34254999999834,98.79640049930252,108.71493411487864,buffer_union,46.41046265203226,6.364914363186647,7.291608339691232,2.422523572237975,1.880905489009354,5.31425,1.081911743550893,3.755,6.723,Drevesa v vrsti,,1.0620523338046333
55,359,0.21878657946906307,4141.407665997529,2355.423250999839,1640.8684704116572,buffer_union,334.9341781900954,173.54356781979433,1.9299717206337905,1.3218136077055544,0.36404737112892127,9.432573816155989,4.541908552915503,0.088,20.601,Skupina dreves oziroma grmičevja,62.648529751143094,
56,37,0.16886745551957355,607.7032650029392,113.99619300133082,219.1067537919484,buffer_union,154.8768361968734,1.1795885554698202,131.29733709156517,1.3862080646286818,0.41590258274044756,9.692891891891891,3.9348908002553595,3.6590000000000003,17.515,Drevesa v vrsti,,
57,7,0.11651290647651573,170.586360000652,26.11959299937888,60.0791810254164,buffer_union,76.70795920679275,0.44656874553148995,171.7718939678542,2.2077306756445223,2.1200984426760243,4.8227142857142855,0.91905474954056,2.746,5.655,Drevesa v vrsti,,
58,3,0.09908902971842906,20.803228000217004,4.5046610000957665,30.275803573057345,buffer_union,15.973620120635035,0.4234475460694138,37.72278353932544,3.1602301856662423,2.600503382114068,5.8563333333333345,0.1919901617849786,5.599,6.0600000000000005,Drevesa v vrsti,,
59,8,0.10424188579383313,347.6408580012043,27.52451600022638,76.74458245912963,buffer_union,107.43505391206945,0.2532902308356455,424.1579059627519,1.9716834011169704,0.5514622070466735,5.033625000000001,1.7907945818476778,2.583,8.873,Drevesa v vrsti,,
60,5,0.12819679078969404,51.12031699969283,4.3430640001978595,39.00253640672227,buffer_union,24.76754791054094,0.07067598937705899,350.4379369690202,1.1408074047313241,0.13061035677563823,4.6852,0.6453381749129677,3.894,5.7860000000000005,Drevesa v vrsti,,
61,2,0.085126672633837,0.2831760001928555,0.0,23.494398854314202,buffer_union,4.7412740000322575,0.0,,3.079374611843209,0.0,5.322,0.04600000000000026,5.276,5.368,Drevesa v vrsti,,
62,7,0.13988322278522475,30.451338000118838,10.777066000205107,50.041740965231604,buffer_union,8.163518403100767,0.7270607397673496,11.22811060560496,1.484617514593116,0.2690435036285673,9.635857142857144,1.8234640055651872,5.59,11.821,Mejica,,
63,1,,0.0,0.0,0.0,buffer_union,,,,,,3.766,0.0,3.766,3.766,Mejica,96.82162139737719,
65,77,0.21783627393240815,455.75280099920514,242.41838549953405,353.47648309432674,buffer_union,49.17275516482486,10.100327452034588,4.8684317808844515,1.395611902597852,0.2981507100366154,16.826571428571427,4.981258341070294,2.656,22.261,Skupina dreves oziroma grmičevja,90.86708015968004,
66,120,0.2484606277841314,493.15204399982935,352.5845069998948,482.9739064503166,buffer_union,60.9739881983146,16.541040586223378,3.686224447638338,1.2634702996192442,0.30443264494544536,12.293408333333332,4.650040136916084,4.324,23.7,Skupina dreves oziroma grmičevja,120.62098045156999,
67,4,0.08895954676498874,30.66637199994861,4.966308000104523,44.96425786168973,buffer_union,22.04733156069173,0.1752873557303305,125.77821981986129,2.80714553128305,0.7354756734124372,11.9145,1.8933196375678354,8.877,14.067,Drevesa v vrsti,92.90867077385846,
68,13,0.12350577368879789,148.5342000000391,31.609133999557564,105.25823701778174,buffer_union,57.66149112917368,0.46989857582225714,122.71050413011807,1.6744215129832856,0.6494690588657875,9.520846153846154,1.4119732970973553,7.914000000000001,11.604000000000001,Drevesa v vrsti,92.90867077385846,
69,4040,0.2668341230346588,47115.83707198932,28848.659908992904,15140.49235552699,buffer_union,3046.9944269597445,1540.3991043386911,1.9780551795814305,1.2851912149743692,0.2863515375947087,14.086529455445547,6.283066351145336,0.109,29.446,Obvodna vegetacija,30.164645023780157,
70,851,0.25839124897589516,6287.866256000712,4249.804397499767,3293.455190037756,buffer_union,940.4287249609351,104.2255229935845,9.023017567576249,1.2890021202768502,0.3082804577333967,13.135714453584018,6.834004687421529,0.25,26.222,Obvodna vegetacija,,
71,5,0.1192727174457551,12.73826399990645,8.455585499907437,41.92073516119884,buffer_union,4.2304332711765955,1.4606046287569487,2.896357568561806,1.380861941028834,0.43146413503099046,7.8956,1.649800787974112,5.6930000000000005,9.839,Posamezno drevo,,
72,5994,0.2393658809691994,144495.1889499869,101972.84075148967,25041.162824585193,buffer_union,19193.232823638617,6258.3397549583915,3.066825000741147,1.3123735428711938,0.33896720572101635,11.529351685018353,6.1353814871150245,0.08,30.643,Obvodna vegetacija,0.0,
73,621,0.23969207681447857,4106.383399993885,2833.667101494557,2590.824061659132,buffer_union,1620.093324153779,31.47426020740185,51.47359504172807,1.3119491015727185,0.3454267135842513,12.673866344605475,6.2422668567049096,0.093,28.663,Obvodna vegetacija,0.0,
74,8,0.16979292350332628,20.279466999750383,9.342816499826645,47.11621565219871,buffer_union,3.3071248704354534,1.048156468806968,3.1551824263410664,1.3802449750629733,0.32551333888521383,14.788375,3.8593453440156145,5.494,18.0,Posamezno drevo,94.90051277145989,
75,42,0.17457613566457916,816.0494599987564,424.62524149868347,240.5827110338635,buffer_union,145.56511797420885,23.22418059833939,6.26782578433003,1.3953673153213904,0.509909990262733,8.892452380952381,3.008501542869259,1.911,14.095,Obvodna vegetacija,0.118391199012288,1.521162967368911
76,7,0.1528980700329244,18.973008000172705,10.117156500055787,45.782134453970876,buffer_union,3.5855535170515136,1.135568006759938,3.157497829902766,1.3194215822253674,0.39923942308805377,11.45257142857143,0.9556571197936236,9.521,12.318,Posamezno drevo,26.352728879586476,
77,10,0.22174652303678538,12.324235000120899,9.674336499921154,45.096535733915914,buffer_union,2.6189704431489673,0.9504068679296198,2.7556308056297727,1.1066826982622069,0.07364581011907863,10.910100000000002,1.7717025963744597,8.718,13.521,Posamezno drevo,6.670379162157217,
78,12,0.11888437970845936,47.93699999997625,41.46759149975925,100.93840779947415,buffer_union,33.387376494960726,1.5904360808104705,20.99259247058005,1.8962482377547316,0.7982431464459474,10.153583333333334,1.744646834287355,6.05,12.673,Obvodna vegetacija,2.232004758734491,
79,38,0.1808839920950441,147.18467400191696,109.89788000084485,210.07939707585174,buffer_union,133.465856197221,1.3057565403350702,102.21343112167933,1.3542085943697646,0.456769582351213,11.550684210526317,2.354492962572478,5.588,15.054,Obvodna vegetacija,0.512951491389867,
80,1477,0.2362482789986792,29651.729364997114,13902.050741000863,6251.897394809202,buffer_union,6444.566989373614,164.94526656357445,39.070942280660724,1.32375410547473,0.3360310700163675,13.582841570751523,5.968209005034729,0.061,26.310000000000002,Obvodna vegetacija,0.0,2.1528490841253163
81,12,0.1384950382980192,192.66292600041376,72.95059300014557,86.645703322439,buffer_union,55.77598843416963,1.9369859143168782,28.795247307639972,1.6988255999906474,0.8205011664722668,9.589333333333334,1.7436607245167342,6.998,12.731,Posamezno drevo,3.201105668040037,4.308054473397502
82,270,0.2031078795910811,2125.1376490005596,1298.192892999374,1329.3428130094874,buffer_union,203.08463496298413,51.39892345022362,3.951145691984344,1.4026486650519945,0.46913679619550747,8.890133333333335,3.155528523671384,0.7020000000000001,16.163,Skupina dreves oziroma grmičevja,30.238742202324435,
83,4,0.1146188298009977,49.31469399988636,3.413120000103646,34.89827986330726,buffer_union,19.869518064798093,0.09797460179587514,202.80274377838427,2.8273301905831114,2.8134425519978112,8.133999999999999,0.9767277000269828,6.861,9.171,Mejica,,
84,86,0.24119562053117646,357.68067599902446,255.09862750039224,356.557054438241,buffer_union,44.95906680939951,11.506193493373239,3.9073796938399115,1.3307305139232743,0.24645705181310906,14.641372093023257,5.6109833508817655,0.28200000000000003,21.634,Obvodna vegetacija,0.0,
85,228,0.21976231841172272,4849.3018499951595,1123.435902496692,1037.4845043855246,buffer_union,752.8002415928137,12.14240368808268,61.99762921172348,1.2848483614660593,0.34149761033169174,8.680934210526317,3.4071369534193896,0.222,15.644,Obvodna vegetacija,0.0,
86,190,0.20785621034125762,2635.5382759991826,1235.4921955005977,914.0934480045539,buffer_union,221.71858156316924,56.00650585756589,3.9588004673428023,1.3544173132857078,0.3723589304031329,9.786447368421053,4.292367043567406,0.18,20.556,Obvodna vegetacija,0.0,
87,203,0.21371899187096136,1486.7604000011268,923.3142800013084,949.8453938177229,buffer_union,128.02723271007304,75.1491059077619,1.7036427933981517,1.3823381361420262,0.5010918979452623,15.053970443349755,5.646723720658867,1.252,25.875,Skupina dreves oziroma grmičevja,0.0,
88,2,0.10076447237382395,1.7782800000869017,0.0,19.848265493618058,buffer_union,1.8075620001076367,0.0,,1.9013479429644837,0.0,6.817,0.3460000000000001,6.471,7.163,Mejica,1518.790379512429,
89,2214,0.23058475331678385,97916.09207997275,21511.78792198755,9601.675601501476,buffer_union,19395.53134488234,143.03249402251413,135.60227329762824,1.3096776963624877,0.3297118553077954,12.978011743450768,5.18001996965658,0.224,30.148,Obvodna vegetacija,0.0,15.597382234763113
90,3346,0.23603592667342668,108990.47319599867,57607.3834080069,14175.80809479669,buffer_union,12705.714824739895,3005.729099281556,4.2271656576691745,1.3148943318812747,0.34101062221507233,12.621543036461448,4.482774443110112,0.109,23.346,Obvodna vegetacija,0.0,39.078291615301254
91,15,0.12716701694381563,87.21626099977392,32.099963999773635,117.95511415218016,buffer_union,70.79925366329324,0.3072772700551838,230.40836587287578,1.813665558805531,1.2298088635344369,8.324666666666667,1.756539577945481,4.306,10.661,Mejica,84.36826983318464,
92,4,0.12210743909250521,8.283357000005916,3.110678500014832,32.758036936387725,buffer_union,3.5149515005714482,0.42112241607323314,8.346626459229372,1.6312999682287737,0.8135202293981942,5.26725,0.38361333071205933,4.831,5.829,Posamezno drevo,,
93,555,0.20323997308243705,12060.122642000715,5312.227258000516,2730.762022758604,buffer_union,1136.675837467269,171.5086265149286,6.627514082321273,1.37391375300406,0.45244053039959486,9.760938738738739,5.002170968314363,0.079,20.308,Obvodna vegetacija,0.0,
94,53,0.1852142139571692,353.52990300066637,192.68598850051714,286.1551436449486,buffer_union,38.266741705424124,11.223415021803994,3.4095452793184977,1.3897624433186504,0.4372592946895287,8.305169811320756,3.21159650380299,1.911,14.733,Skupina dreves oziroma grmičevja,,
95,7,0.19044441125963338,8.706984000131078,4.975914000083435,36.75613242573383,buffer_union,1.9510147249173404,0.6362427989044602,3.066462564726504,1.2566077928281132,0.36235578120506684,4.667285714285714,1.6872722461574068,2.5060000000000002,8.138,Posamezno drevo,,
96,345,0.2212613789703693,3069.104597000966,1566.1320200026066,1559.2418415063817,buffer_union,311.94690315155515,54.250535961270586,5.750116521876462,1.3343007360785466,0.3500124687893728,10.141730434782609,4.698913228017308,0.11800000000000001,20.263,Skupina dreves oziroma grmičevja,55.7979123090596,
97,113,0.22725300380230737,573.4026530029395,373.61316649992733,497.24315238667344,buffer_union,104.07026331163422,11.415268678236947,9.116759863045777,1.3273918819628345,0.3046549979776667,16.40513274336283,7.220958160264516,3.6310000000000002,34.745,Skupina dreves oziroma grmičevja,7.707807929674295,
98,20,0.17674969188106626,178.02989999989563,84.47500500002869,113.15436981614583,buffer_union,76.74898013794778,2.35228360694944,32.62743485148023,1.3362484967329031,0.340591331360539,12.203950000000003,2.1507617598190647,7.016,14.681000000000001,Obvodna vegetacija,0.0,
99,162,0.2199524494292924,3137.9390800023616,892.8969680012998,736.5228276399703,buffer_union,495.1414158481465,10.526460433639826,47.03778815011772,1.291961717683382,0.3027609582105194,12.227462962962962,5.0160207854666226,1.69,22.076,Obvodna vegetacija,0.0,
100,477,0.231873106792944,7733.709660000655,4377.835918500542,2057.1596533872607,buffer_union,703.8928659556065,372.534988051794,1.8894678044515467,1.3052147852502074,0.3230722793612105,12.776138364779873,5.66706235334536,0.336,27.055,Obvodna vegetacija,0.0,11.500276821542762
101,12,0.14366610052496023,134.68883400079682,38.61914900011794,83.52701128625083,buffer_union,51.0373031103714,0.8666231774894486,58.89215109411586,1.5370427537688593,0.3903834522412859,13.786499999999998,2.161282817371819,9.997,16.957,Posamezno drevo,7.479732998706762,4.128346548028525
102,1,,0.0,0.0,0.0,buffer_union,,,,,,9.897,0.0,9.897,9.897,Obvodna vegetacija,0.0,
103,7,0.16635244326678572,13.952263000036305,7.700468500014688,42.07933386811659,buffer_union,3.0974155226795856,0.8457926678373593,3.662145157393584,1.3479954210518987,0.6653978846076789,5.600999999999999,1.2637274796636904,3.681,7.211,Posamezno drevo,2756.1983627051814,
104,5,0.12282645429558083,14.65185000011244,6.339311500172608,40.707842855803214,buffer_union,4.26557218947043,0.7882777105933612,5.411255617337703,1.7691356256892525,0.35871707238110684,14.904,0.6889304754472689,13.696,15.715,Posamezno drevo,,
105,102,0.24942937237423807,400.2559339995859,282.6834269999899,408.9333947686063,buffer_union,91.79073576688674,7.428358566725622,12.356799277036995,1.2286996101374483,0.23657891234115233,14.875676470588237,5.863571221854485,0.317,21.815,Mejica,1553.4228618812706,
106,847,0.2521793274125055,16759.984054002074,3338.164317999934,3358.720989109901,buffer_union,2627.0939049163007,26.498834884466874,99.13997790356642,1.289060345519132,0.2901685002764405,13.15704722550177,6.07585845418298,0.148,25.271,Mejica,24.453189935285543,
107,9,0.18573450374618905,17.974367999886994,11.575272499951366,48.45626320620928,buffer_union,2.7147524910115317,1.4680930645080916,1.8491692091203724,1.1856142360043205,0.2993949362199892,16.47522222222222,0.5728990172365613,15.097,16.955000000000002,Posamezno drevo,7.788190542549985,
108,5,0.14684764110696144,8.143589999970773,4.276028999976197,34.048895592119734,buffer_union,2.3478429922803445,0.7199264077071966,3.2612263797319163,1.4295388339221744,0.24994863928584912,4.387600000000001,2.1989281570801715,1.087,7.476,Posamezno drevo,21.900290404894545,
109,111,0.20576097999220128,833.4538680017462,458.3432179999078,539.4608832258045,buffer_union,122.09006135157478,15.155527707609856,8.055810639326747,1.344313380909599,0.37650747170387044,11.347963963963965,4.173615920824203,1.853,16.416,Mejica,1825.156021334853,
110,220,0.22897764023189693,1167.1974929975258,816.3679824983706,960.792502609404,buffer_union,129.5231589119162,41.84224514485672,3.0955116883310283,1.3555399728669701,0.3252633410777304,11.708331818181817,5.598584202837387,0.112,24.437,Skupina dreves oziroma grmičevja,1752.8355057254164,
111,117,0.2684385719450092,318.69091800029815,285.84561850031724,435.8539056152033,buffer_union,134.33511129376592,5.064520543000353,26.524744080548704,1.2264710885836487,0.22167168412261565,17.728598290598292,4.711996517455197,2.212,24.153000000000002,Mejica,1463.207055033357,
112,1308,0.24429195310327262,25011.74827199901,5330.186650002376,5354.249222638343,buffer_union,5060.616506845004,35.80506445785238,141.33800856027125,1.303207889576918,0.3269168993487791,12.120817278287461,5.164269305944376,0.1,25.237000000000002,Mejica,1378.2317785366818,
113,306,0.21079419334706395,5766.874680008056,1529.1301914971045,1451.652890154254,buffer_union,1554.6010091349917,8.541371882316128,182.00835071396483,1.3482930207988673,0.35250501595374706,10.371898692810458,4.546217580266311,0.16,20.449,Mejica,1916.8845521999444,
114,1176,0.21192299005652912,67450.63743597835,37590.8231359958,5549.185577677577,buffer_union,16910.29325027921,680.3143532739571,24.856587500910145,1.360746161283673,0.3792589749744904,13.261696428571428,5.87992549574954,0.122,29.786,Mejica,5.209842262555787,
115,157,0.18745044906591835,4980.258188995422,744.5267794996985,837.5546752880266,buffer_union,757.4392792292272,5.8179908826734845,130.18914854008304,1.395341436939975,0.4066714669163833,7.630292993630574,1.5431119284448789,3.77,11.777000000000001,Mejica,,
117,5,0.12704153698735918,47.053516000206294,4.023246000025537,39.35720645836887,buffer_union,20.506016893468,0.1031343065371022,198.8282811218693,1.192914058316069,0.1560937202781362,6.021,0.5381115126068203,5.16,6.684,Drevesa v vrsti,,
118,2,0.12075589052395794,0.09006800003827015,0.0,16.562339040538983,buffer_union,0.5160325000204331,0.0,,1.015905999608658,0.0,5.859,0.3330000000000002,5.526,6.192,Drevesa v vrsti,,
119,2,0.09999522181700564,1.5198749999690335,0.0,20.00095568226312,buffer_union,1.8913969999385274,0.0,,1.9449406160284315,0.0,4.4615,1.6855,2.7760000000000002,6.147,Drevesa v vrsti,,
120,1,,0.0,0.0,0.0,buffer_union,,,,,,6.715,0.0,6.715,6.715,Drevesa v vrsti,,
121,1,,0.0,0.0,0.0,buffer_union,,,,,,5.562,0.0,5.562,5.562,Drevesa v vrsti,,
122,2,0.10913287518033515,0.20930799999136523,0.0,18.326283410889037,buffer_union,1.0964200000233086,-3.469446951953614e-18,,1.4808240949034486,0.0,4.221500000000001,0.6045000000000003,3.617,4.8260000000000005,Drevesa v vrsti,,
123,5,0.11759337742538037,59.90662800031298,13.67703000021717,42.51940125771778,buffer_union,25.577817969396733,0.6504995306719303,39.320271212150224,1.5518409088833416,0.21605183071326461,3.8722000000000003,1.0103623904322645,2.657,5.224,Posamezno drevo,,0.27901321511619787
124,3,0.09027393107978704,32.140168000459795,0.5789994999439116,33.23218524014981,buffer_union,21.386354188215147,0.005225145248926921,4092.9683615220506,3.67076473013722,2.1585797713824917,4.948333333333333,0.3741526723440878,4.573,5.4590000000000005,Drevesa v vrsti,,
125,6,0.08783835422795847,217.47142900221172,44.47302700034832,68.30729073576191,buffer_union,86.55264502566583,1.8313686412976384,47.26118110460705,3.915098874718281,1.8129546697655283,4.6145000000000005,0.842473293345255,3.418,5.801,Drevesa v vrsti,,
126,3,0.12143547802885489,3.711855000109073,1.3518525000587915,24.704477214534908,buffer_union,1.4390780385979345,0.4233046281251265,3.3996274620757303,1.5795557460259442,0.38478129539392136,5.808333333333334,0.17932527862952174,5.577,6.014,Posamezno drevo,,
127,589,0.23800657762330507,7000.854468002787,2416.625406502662,2474.7215219077475,buffer_union,1227.2262732369804,34.313372596588124,35.76524778444562,1.3284552698705792,0.32316633566968345,14.683770797962648,5.432471943108558,1.9140000000000001,26.702,Skupina dreves oziroma grmičevja,91.04132517608862,
128,7,0.14608416826392703,19.37328899969561,11.0979509998249,47.91758123545089,buffer_union,3.15944375045715,1.766365011395929,1.7886697993187117,1.4485464821166594,0.3497818960420999,5.633428571428572,0.6265465111324496,4.548,6.699,Posamezno drevo,79.83805138494026,
129,176,0.23765217356368348,860.7357000004743,599.1938490000326,740.5781203715244,buffer_union,91.1125660524817,34.197730003470696,2.6642869583225193,1.3027215930440013,0.28338468053453214,13.088073863636366,4.106116615406447,1.493,20.369,Skupina dreves oziroma grmičevja,,
177,12087,0.24791635871935383,385930.6321079927,247168.52712252527,48754.346274029944,buffer_union,48085.537081358576,8976.473182392161,5.356840721774891,1.3215525680169555,0.3119046711337877,14.478684619839497,7.377125802851145,0.039,36.115,Obvodna vegetacija,0.0,
130,106,0.1787835791059223,4318.471080001462,385.3654330000122,592.8956145194919,buffer_union,908.304210249461,1.4089282374044103,644.6774123306515,1.3424524433091434,0.4245954053246384,9.209075471698114,4.348333067510139,1.576,19.490000000000002,Mejica,24.993608243228856,
131,1304,0.2297291469247582,16073.811053991021,10989.384006995304,5676.249694284945,buffer_union,3364.155493766508,168.50973508408586,19.96416107406379,1.343580853445355,0.34905139448462147,13.502649539877302,7.632798716161819,0.08600000000000001,33.441,Skupina dreves oziroma grmičevja,19.97587753211181,
132,259,0.2258964390868696,2748.422900998885,983.7048519997606,1146.5430842865135,buffer_union,398.4951376476233,18.929948923858618,21.051041355181606,1.341648019725651,0.3456149022766081,11.63007335907336,6.373599902761953,1.471,23.862000000000002,Mejica,80.16608180610166,
133,79,0.18772389077434298,1945.8255990019732,238.39975700111714,420.83082592275605,buffer_union,406.33491675018627,1.2358766799540746,328.7827364501171,1.3942215086194947,0.3715553080216693,16.360367088607592,5.174526552493584,4.349,24.285,Mejica,20.77103751172377,
134,193,0.22706096330625566,6793.673257001231,600.5028814994332,849.9919897709811,buffer_union,916.8113187571469,2.693532531581468,340.37506805936164,1.2662178777029947,0.3150237118529692,14.110512953367873,5.401419700257481,0.8130000000000001,22.511,Mejica,41.578318311041485,
135,11,0.206791439204505,19.401876000383538,13.960051500171467,53.193691394166585,buffer_union,2.2695517239956335,1.9565033669420882,1.1600039960794055,1.3252161982687587,0.16369464554547478,19.045818181818184,1.0338687113926477,15.96,20.198,Posamezno drevo,380.305277022899,
136,149,0.2102514935174196,3089.661199999071,710.4161054996453,708.6751085915838,buffer_union,312.97422774659367,15.505166728601068,20.185157194683796,1.3730238573397355,0.30296583842848945,16.385422818791948,7.828189027616587,0.318,28.86,Mejica,225.74022539929769,
137,1033,0.2699316315382699,14199.610463996583,3785.747089495423,3826.894958968694,buffer_union,2279.948460034423,41.59421604429161,54.814074572450636,1.3034714391549185,0.28427719887041275,15.271475314617618,5.057008002532444,0.15,24.315,Skupina dreves oziroma grmičevja,54.38647335569536,
138,17,0.14767636330096015,145.0440000006929,51.04045150022745,115.11659428770257,buffer_union,28.869617483412533,1.9005745533835716,15.189942131981235,1.590589878024418,0.3570579355100879,11.667588235294119,1.7723949586007506,8.399000000000001,13.864,Mejica,254.02006291795442,
139,10,0.13368309006932724,35.3830540000455,18.874625500428515,74.80377656451583,buffer_union,22.06613550280034,0.5460274416362539,40.412136497528074,1.4339870196801006,0.37317814432601654,26.9904,6.207938147243414,8.966,30.54,Obvodna vegetacija,0.672463757357342,
140,410,0.24282544230139705,3017.1540540009896,1539.568015499105,1688.4556911096015,buffer_union,382.12158088521744,40.57276114334628,9.418180328796366,1.3323386761980445,0.3064430567476109,12.998202439024393,6.109457808005464,0.28,23.485,Obvodna vegetacija,0.0,
141,213,0.19894641545900377,8162.756099994898,1710.0521175026574,1070.640049023111,buffer_union,2760.9792399107855,9.12312949287977,302.63510367419616,1.3438562842255226,0.3454186084281912,4.488272300469483,1.4466279622154834,0.915,7.731,Obvodna vegetacija,1.262641466911719,
142,312,0.22556172966507032,7952.9476879945005,1730.8786124996725,1383.2133689667978,buffer_union,996.8069607197062,19.170985109594397,51.99560455664012,1.3181969661193127,0.33424475551168653,13.608016025641026,4.9598002030555985,0.089,21.462,Obvodna vegetacija,0.0,
143,151,0.17340044287737438,4040.2721760043733,1955.368808499533,870.8166916666091,buffer_union,1491.4407931753,18.95597185888269,78.67920485841073,1.3847265469241645,0.6326182214309813,7.567556291390729,2.9653045735166392,0.043000000000000003,15.255,Obvodna vegetacija,0.0,0.5191798802059695
144,55,0.1800434822506044,346.00087200017794,261.54910499996254,305.4817609195368,buffer_union,34.666399228823096,25.38145412470805,1.3658161214284583,1.4208864175230729,0.37347253441148687,5.90378181818182,3.347632437143432,1.101,13.648,Obvodna vegetacija,0.0,
145,6,0.14446119651711595,11.677511999659782,8.124801999808446,41.533644637154254,buffer_union,2.570157993183873,1.382120740088187,1.8595755917966201,1.6218021136597176,0.4677690713244161,13.132333333333335,0.41723201645553937,12.447000000000001,13.683,Posamezno drevo,0.0,
146,283,0.18425342696741454,23462.410818001666,4987.495776001248,1535.9280131600967,buffer_union,5767.749394344065,63.07335989256376,91.44509511097209,1.3610158242608952,0.4709275678578246,9.014349823321556,3.3292678194030425,0.166,15.116,Mejica,,4.270815769595916
147,14,0.16215317881683608,85.1087280002787,37.49423799978866,86.33811623152963,buffer_union,18.816385566226526,1.596593301940005,11.785334150758944,1.3442220771511177,0.43108369265559754,7.9215,1.5101521564777125,3.6430000000000002,9.666,Posamezno drevo,,1.196731666982259
148,6,0.15480608047783379,10.79680199968922,6.080562999736076,38.75816751822692,buffer_union,2.5752142998997805,0.8471126667263937,3.039990311857231,1.419995058067727,0.4101640342594882,14.4385,0.6779303676140593,13.299,15.381,Posamezno drevo,,
149,4,0.14663509403308117,3.4923280001024044,1.3209960000216223,27.278599481087333,buffer_union,2.1097146530504847,0.13413534696883261,15.728252848525402,1.1831150267199932,0.16091250276232794,7.606250000000001,2.170926343177032,3.85,8.981,Posamezno drevo,,
150,6,0.1386640866301802,15.664607999989887,8.770352499875306,43.27003585291782,buffer_union,3.0938694524954227,1.7476111141604338,1.770342055750625,1.484269844366577,0.7131035659458058,7.196833333333334,0.5197228160813759,6.106,7.665,Posamezno drevo,,
151,734,0.23984700067042167,4641.0138340002,2826.558697501148,3060.2842559978617,buffer_union,299.08741179550714,223.9580269133829,1.3354618984528783,1.2970175002462792,0.32805795780092784,10.365137602179836,3.202691982708689,0.7010000000000001,17.655,Skupina dreves oziroma grmičevja,,
152,7,0.1685400231167913,13.12089600011515,7.9216544999523215,41.533161504014316,buffer_union,2.6389264456168076,1.0178796972245514,2.592572042464702,1.3571354204894364,0.31586980880890664,8.109999999999998,2.2644680863915294,4.928,10.746,Posamezno drevo,,
153,5,0.13858685508134033,6.795452999976821,5.3587539999427545,36.078457780612496,buffer_union,2.159158581725442,1.0405774182376166,2.0749619815720397,1.6563254159866745,0.4299705993100864,8.3318,0.7599827366460373,7.038,9.032,Posamezno drevo,,
154,7,0.1707446911134899,12.201896000049551,7.8323475000342775,40.99688227112882,buffer_union,1.9564347520894363,1.272605105072789,1.537346301920999,1.2803921281467154,0.3161742258031049,7.066571428571428,0.7693072685665904,6.135,8.143,Posamezno drevo,,
155,6,0.1534590944189925,12.39111999962234,6.74547249982569,39.098367045084196,buffer_union,2.088424179555032,1.0935172870756436,1.9098227382760764,1.4677498740196055,0.5093521773851167,6.223833333333334,0.5427446964785153,5.029,6.648000000000001,Posamezno drevo,,
156,24,0.17803044100584567,271.1361239998866,87.61266249950798,134.8084061602249,buffer_union,42.71832481345653,2.4498176611195994,17.43734870208001,1.433800178477424,0.5138119450428134,5.726416666666666,2.222538580779995,1.913,9.776,Mejica,,
157,8,0.17241512369791392,18.69913199966399,10.801781999832723,46.39964191318092,buffer_union,3.6650665392323942,1.2391508535805245,2.957724258222629,1.1367742707590471,0.1279648674606201,9.658625,1.2589555132628796,6.928,11.290000000000001,Posamezno drevo,,
158,85,0.18939298786153907,1781.0137800010375,309.7277880006503,448.8022548234023,buffer_union,284.89082608576655,2.975946828920229,95.73115464201163,1.4277893281074099,0.526128265915238,7.099388235294116,1.4859253096114704,3.059,10.347,Mejica,,
159,8,0.11585867289423864,152.53150500051572,17.918237999763015,69.04964298445559,buffer_union,35.22695852982359,0.4328592916604581,81.38200844595983,2.5991949058893384,1.8198889639758788,6.222875,0.8888758964979308,4.008,6.938,Drevesa v vrsti,,
160,14,0.10932740595698733,1271.9328520005447,101.46979900084266,128.05572287618367,buffer_union,285.9028177644285,1.1505415102363088,248.49413534476227,2.1112226991662846,1.2771372563877128,6.726071428571428,1.615303441828709,3.646,9.581,Drevesa v vrsti,,
161,8,0.16685852592329425,22.836032000092796,11.418719500044716,47.94480806858885,buffer_union,2.593092908780294,1.8023865733590907,1.4386996369749756,1.392744147461399,0.5496970663056817,5.223625,1.7870314726873167,0.867,6.765000000000001,Posamezno drevo,,
162,4,0.15753447988153918,2.830463999998676,1.3937619999984188,25.391266743686018,buffer_union,1.2556737240344786,0.24613485929620282,5.101568008793829,1.1320145021268324,0.08104114374672411,3.4215000000000004,0.4984047050339714,2.6270000000000002,3.9090000000000003,Posamezno drevo,,
163,5,0.08276942862249903,302.5034319994153,21.928532000324967,60.40877753070367,buffer_union,123.64384820855636,0.26509679116977125,466.4102030920975,4.301965513342777,2.0850867420815535,8.445400000000001,1.0457840312416329,6.715,9.438,Drevesa v vrsti,,
164,386,0.20231680392706225,20165.42555200105,6365.742258504209,1907.8988621190254,buffer_union,3191.696158476957,178.07491773468416,17.923333611936865,1.3390036655748383,0.3770933484204292,7.747028497409326,1.7247185868573198,1.96,11.954,Mejica,,1.7944766234170348
165,10,0.1302382598146319,287.99183499934196,40.302236000026554,76.7823526990686,buffer_union,92.13928130105108,0.5761740876661925,159.91569783060453,1.5273781266835482,0.41119090229812844,7.4554,1.3328287361848108,5.455,10.52,Drevesa v vrsti,,
166,191,0.22444484730102893,1107.5131559979181,705.4658124995585,850.9885715657701,buffer_union,90.00538532718869,43.46084367822297,2.0709534769636306,1.355013593749601,0.3178154549007667,9.057643979057591,2.785980626504707,0.787,14.651,Skupina dreves oziroma grmičevja,126.35237752037399,
167,29,0.17678249100685262,239.277240000334,81.46084149939583,164.04339499252714,buffer_union,53.89252221267908,1.3858634819025166,38.887323979917056,1.46013052765505,0.4741600712979808,13.903482758620688,5.058697246911465,6.119,20.578,Obvodna vegetacija,49.77761353218216,
168,1534,0.22417242794816294,60332.78336200272,22891.83098950618,6842.946806797838,buffer_union,7231.749318918429,379.5389761432425,19.05403601075501,1.3218538767308503,0.36653384563452346,11.090816166883963,5.861184474771338,0.23500000000000001,23.92,Obvodna vegetacija,0.0,5.171981364536664
169,13,0.12962291637862552,324.17688900173357,33.59144400002477,100.2909081448785,buffer_union,68.63639963562355,0.36646512101097173,187.29313023371907,1.6497726050468569,0.4504678399284195,9.73230769230769,1.6573128568032782,7.273000000000001,12.657,Drevesa v vrsti,43.34954080418078,
170,606,0.2330013622174226,16019.85196799549,6216.010758500545,2600.8431634597823,buffer_union,3249.3197967227825,164.99135446574326,19.693879156543506,1.3194151812794994,0.4005724845533696,11.423968646864687,4.793102149463184,1.223,22.075,Obvodna vegetacija,1929.4089567335757,14.818535658884246
171,70,0.21668226611992955,355.9851679997546,217.3913364994292,323.0536640283073,buffer_union,44.274333676761046,10.055148411273375,4.40315069115466,1.3094463335719375,0.3511484823240863,10.474257142857141,3.0312126035900655,0.20700000000000002,14.468,Skupina dreves oziroma grmičevja,1927.5969890267797,
172,612,0.22354525520493293,7869.1569809965695,3385.6722004986436,2737.700692591104,buffer_union,629.1900103031187,110.45484201345784,5.696355169531256,1.300929808728747,0.3296353309135535,10.045119281045753,3.654304742465345,0.08,18.129,Skupina dreves oziroma grmičevja,798.2957909421067,
173,46,0.22130832595210317,312.0880700006342,147.90713200025726,207.8548098093498,buffer_union,27.38857859486968,8.043646084329492,3.404995484352263,1.3196569004305971,0.3863844277411498,14.471521739130436,6.517636890839483,1.522,21.156,Skupina dreves oziroma grmičevja,810.762900859946,
174,94,0.22456458941915675,556.6734419989843,306.3988989997063,418.58781138706644,buffer_union,52.942298457025316,15.535811624175413,3.4077587793766333,1.3331251788761063,0.28589694987960507,13.115031914893615,5.032763902567002,0.196,19.335,Skupina dreves oziroma grmičevja,819.3230842017092,
175,89,0.22931697573239698,533.834569999469,307.43048549947457,388.109077907338,buffer_union,47.59913913556782,16.969668708178165,2.8049539418897695,1.288040039401691,0.23885175375682433,13.87826966292135,6.355766628259717,1.617,22.418,Skupina dreves oziroma grmičevja,68.70872088081195,
176,311,0.209105424990796,3706.9875920009727,1359.5433769998087,1487.288051056968,buffer_union,863.3024069360374,13.819324353371321,62.47066678954016,1.3592412007123778,0.3741019576028019,11.665067524115756,5.514427975389836,1.6400000000000001,24.057000000000002,Obvodna vegetacija,0.0,
178,972,0.24463409483031895,6339.337928000973,4056.438959000194,3973.2809961513767,buffer_union,423.55046309863155,256.92459226551324,1.6485399835175076,1.3251283948074517,0.34204091914127255,13.360412551440328,6.759937155116028,0.088,29.771,Skupina dreves oziroma grmičevja,78.1299214451924,
179,234,0.19783225193093096,5411.471320000672,1980.9031870006745,1182.8202819108396,buffer_union,1261.6127838748064,39.87126039662087,31.642159573709623,1.4206011011446729,0.4771558484770662,9.184175213675212,7.235845644829352,0.194,29.097,Obvodna vegetacija,0.0,5.585022849063754
180,280,0.25067472196272744,1675.8413119980642,950.8933979990212,1116.9853817236224,buffer_union,193.0214838095561,34.28264020155558,5.630298094742356,1.3313217604522134,0.27187303129953344,19.84914642857143,7.7742220623665785,1.066,32.975,Obvodna vegetacija,0.0,
181,1101,0.24359370780729095,7104.636022000789,4870.581961999933,4519.821180566004,buffer_union,866.6433670088477,193.52911035509234,4.4781033996317525,1.3177756514538888,0.31732204852578594,14.429959128065397,7.1063077065341185,0.039,27.924,Skupina dreves oziroma grmičevja,19.361619925422108,
182,44,0.13268259116747502,3560.317698000555,135.12724449999575,331.6184859885815,buffer_union,760.0519743492384,0.30936916843424456,2456.7799635495517,1.4857440324860252,0.5136911540268112,8.74765909090909,3.989815699452692,2.239,17.381,Mejica,54.840474879422885,
183,7,0.16263813597142932,15.319472000046963,8.153612500049439,43.04033588548808,buffer_union,3.294586240095967,0.97030947418506,3.395397373464803,1.4206917724736794,0.4847199800527896,3.5371428571428574,0.5148451718919078,2.697,4.465,Posamezno drevo,42.83839379388641,
184,6,0.13195919198988207,19.976710000235144,10.027829000121562,45.4686021452757,buffer_union,3.434869547426034,1.7007088859422013,2.0196693130835843,1.5440618768180367,0.5192949584872241,14.7615,2.5543889517195044,9.125,16.627,Posamezno drevo,31.072393293863154,
185,438,0.23130287838954675,6428.551408997449,1738.7458024986531,1893.6210524036198,buffer_union,699.9744502002916,28.78908471445655,24.31388344377606,1.2918559926079496,0.32834767716809304,10.376593607305937,4.7099904200772436,0.875,21.973,Skupina dreves oziroma grmičevja,24.436748167781694,
186,351,0.2688617687834739,1778.6744360039525,1156.305673002493,1305.5035737813494,buffer_union,253.97690323236787,38.8427576065607,6.538590946732117,1.276348796139839,0.2703776637978373,14.957908831908833,6.871702399844616,0.057,24.638,Skupina dreves oziroma grmičevja,89.02740951498478,
187,9,0.1805590283659501,20.32751099996184,12.097512000036982,49.84519512233498,buffer_union,3.3270241014148394,1.4241478430137429,2.3361507850015637,1.238678828326418,0.1834941241055963,8.471,0.9375855516520434,6.453,9.614,Posamezno drevo,47.1633535931953,
188,10,0.20991359852786431,15.544319999842271,10.515372499829535,47.63864785383393,buffer_union,1.9939449201823787,1.4684478908802923,1.3578588198911614,1.2202304830296054,0.2294523224142478,18.969900000000003,1.2789012041592578,17.306,21.428,Posamezno drevo,56.96052882562734,
189,159,0.19005222993944884,1617.7642000002133,1092.3665490002863,836.6121252597659,buffer_union,635.2820208591734,19.37310579142836,32.7919553890143,1.3888551132766471,0.4014023485349831,7.851528301886793,3.355379041680678,0.10300000000000001,15.761000000000001,Obvodna vegetacija,0.0,
190,508,0.22725822167917306,5131.008162000358,2214.155578499975,2235.342669877784,buffer_union,571.6896714478969,65.5006419829287,8.728001041530177,1.3377372863762786,0.35112188851629844,10.53892913385827,3.9428617558426584,0.19,18.246,Obvodna vegetacija,0.0,
191,14,0.14364816073653014,346.6375770014111,36.44584899968522,97.46034984518782,buffer_union,92.48370196959903,0.3276469369895949,282.2663407731965,1.3243909372296867,0.40263205772338434,3.4541428571428576,1.2700215328401132,0.18,5.139,Obvodna vegetacija,0.0,
192,33,0.16833061052331957,614.0715039993677,144.36996050023683,196.04277497364845,buffer_union,82.47338387648479,3.141407057175474,26.253644426023186,1.5555895643454283,1.2493691443243677,7.820272727272726,2.9984203444453,1.518,11.268,Obvodna vegetacija,0.0,0.37295173440880325
193,145,0.1805110835494892,6097.976508000567,1975.0262444985906,803.2747748713534,buffer_union,952.5067342984293,57.06457237840064,16.69173525006489,1.3728980472710848,0.4533527743353986,5.592862068965517,2.4361131382500156,1.041,12.533,Obvodna vegetacija,0.0,3.230674943239295
194,10,0.18471379734917304,20.31687000038963,14.30424200005768,54.137807481140875,buffer_union,3.0730578873040235,2.3920479460650936,1.2846974461189993,1.0655485229775057,0.10505020304668994,6.8694999999999995,0.9549412809173137,5.61,8.574,Posamezno drevo,,
195,9,0.17750160133949955,19.59729099983678,12.372110499819286,50.70376792142902,buffer_union,3.086863930798239,1.5180463469286865,2.033445116510169,1.299055980454282,0.31435189705821015,7.152777777777778,0.4804143530508678,6.1530000000000005,7.854,Posamezno drevo,,
196,124,0.20638523310792017,1605.7446939980578,616.7415809997638,600.8181793469671,buffer_union,222.1978398318509,12.770791384055322,17.398909210064375,1.3820745403061077,0.423262698329028,9.779975806451612,3.529278210186687,2.994,15.868,Obvodna vegetacija,0.0,
197,20,0.1810098947478868,113.42709599973182,48.559523999824776,110.49119733402578,buffer_union,18.062242106095425,2.0512923149331934,8.80529896914457,1.3539087502965719,0.3533049615708702,4.777900000000001,1.5656531512439145,3.233,9.567,Mejica,28.61521142730816,
198,1409,0.2345737425227584,18088.138382995712,12964.855356499282,6006.6398943321565,buffer_union,2784.54439573504,426.3729841630178,6.530771177262038,1.3258662833381258,0.3234399030484848,11.530969481902059,4.631287887082382,0.099,21.327,Obvodna vegetacija,0.0,
199,17,0.19077324808193993,70.56014599979554,35.76834199988893,89.11102668178218,buffer_union,14.494328156924137,1.6496614165828654,8.786244262745695,1.1806545601821254,0.23274320122817038,4.588,1.0489639706704448,2.503,6.026,Posamezno drevo,,
200,7,0.16535508391271828,12.446745000069752,8.30429899993936,42.33314050201752,buffer_union,1.9544357725539179,1.454402275046871,1.343806872476827,1.3204682448931033,0.22093188980296713,8.26157142857143,1.5898888422189286,5.0200000000000005,10.043000000000001,Posamezno drevo,,
201,5,0.12579483970713676,9.552215999953232,6.808944999982872,39.74725840615172,buffer_union,2.8170292436841153,1.2384932563132203,2.27456163311694,2.089243289453276,0.11662622980180307,22.07,0.3419467794847613,21.521,22.576,Posamezno drevo,2782.379431129684,
202,22,0.17010412671948133,210.13331999942625,61.82070149965864,129.3325472125682,buffer_union,46.357490987777005,1.0961207654755274,42.29232074411605,1.382885182511443,0.40728048094117414,9.561727272727271,3.55764325951654,3.119,15.31,Mejica,2763.307976044937,
203,1,,0.0,0.0,0.0,buffer_union,,,,,,0.353,0.0,0.353,0.353,Mejica,21.659426177423875,
