cluster_id,n_trees,density,bbox_area,hull_area,geom_area,geom_type_used,pca_lam1,pca_lam2,pca_ratio,nn_mean,nn_std,height_mean,height_std,height_min,height_max,OPIS,edge_dist_,dominant_count_x,matched_points_x,dominant_fraction_x,n_labels_touched_x,dominant_count_y,matched_points_y,dominant_fraction_y,n_labels_touched_y,dist_to_poly
0,21,0.08319779470998695,1477.4562509538148,564.5628672512839,252.41053651965595,buffer_union,296.2094284352388,14.90988742956037,19.86664418726418,3.9425031173121594,1.1860905645129556,13.792400000000002,5.236160630425604,3.3200000000000003,22.5302,Mejica,80.16608180610166,,,,,20.0,20.0,1.0,1.0,
1,19,0.0798508496662899,2236.987950410484,388.8470439840428,237.9436171237274,buffer_union,427.7214083896472,5.9277023462472584,72.15635728747941,4.711179879949622,0.8698415649989281,13.966742105263156,4.01395294813057,8.3828,21.0,Mejica,41.578318311041485,,,,,14.0,14.0,1.0,1.0,
2,14,0.0813684644914359,492.77204069792987,322.8528860557419,172.0568292335603,buffer_union,50.71332280468505,36.63525652462556,1.3842764488518449,4.52032151333267,1.5903994143737767,13.871392857142862,4.540600883058837,6.7665,20.9694,Skupina dreves oziroma grmičevja,68.70872088081195,,,,,9.0,9.0,1.0,1.0,
3,3,0.07994789549933598,34.095100943402386,0.4330748772283277,37.52443990254774,buffer_union,17.761011615068703,0.0035199543312645076,5045.807400770521,4.087487905685124,0.3472938398246388,17.307066666666667,1.8047909691214175,15.106,19.5267,Mejica,41.578318311041485,,,,,3.0,3.0,1.0,1.0,
4,133,0.0818939403459324,26244.995290638606,14138.542876333426,1624.051785006166,buffer_union,5759.148931095844,721.0986835336738,7.986630765810993,4.495746372913109,1.5209834957795274,11.911901503759399,3.5406908143970486,3.2352000000000003,19.768,Obvodna vegetacija,0.0,,,,,102.0,102.0,1.0,1.0,
7,4,0.07970544716691812,116.72967586946775,23.09194350868254,50.18477584879803,buffer_union,68.85663905615999,1.2847782110098773,53.59418338986029,5.8941729996688155,0.8098837274962771,11.8062,1.841980846805959,8.659,13.2862,Obvodna vegetacija,0.0,,,,,3.0,3.0,1.0,1.0,
8,76,0.08202477007334111,7507.223252464939,3239.314027979215,926.5493817543877,buffer_union,789.2782723353455,108.9127742688737,7.246884285463603,4.25736396370177,1.4162249341286928,11.382147368421053,3.156678453586171,2.8870000000000005,16.3869,Skupina dreves oziroma grmičevja,798.2957909421067,,,,,62.0,71.0,0.8732394366197183,2.0,
9,6,0.08021180080249987,115.82338737934943,56.66965621695661,74.80196105774257,buffer_union,26.780695218831283,6.576034497607972,4.07246878473231,4.674602851681894,1.6515726012433207,15.90961666666667,5.934806811912433,3.1384000000000003,20.3736,Skupina dreves oziroma grmičevja,810.762900859946,,,,,5.0,5.0,1.0,1.0,
10,12,0.08314171532494269,491.81137555613844,244.99457107749532,144.3318790465221,buffer_union,77.20803849181655,17.109316183415316,4.512631461370567,4.359057184423578,1.2768192470386615,14.573950000000002,4.213988327878947,3.5618000000000007,18.629,Skupina dreves oziroma grmičevja,819.3230842017092,,,,,11.0,11.0,1.0,1.0,
5,10,0.08134286719342976,223.8369125007885,131.88660041851534,122.93640911649254,buffer_union,42.14835868765709,13.065841901559352,3.225843309999554,4.170223606227653,1.2179763164907031,11.00845,3.4056405421741154,5.2909999999999995,15.5988,Obvodna vegetacija,0.0,,,,,9.0,9.0,1.0,1.0,
6,21,0.08076142107093272,1038.7180906614187,577.3060156620165,260.025142221751,buffer_union,160.5958445706433,25.371353848352626,6.329809813482652,4.617092847193519,1.1632930053419106,16.662776190476194,5.423041873682964,6.8784,26.058300000000003,Obvodna vegetacija,0.0,,,,,17.0,17.0,1.0,1.0,
12,55,0.08282691855802174,4338.22704614398,2124.505221120339,664.0353276147961,buffer_union,486.13793525424137,70.81877822760887,6.864534342739046,4.127222717798373,1.4621138428410607,13.686516363636365,3.9872599913754243,3.6067,24.350900000000003,Mejica,162.70250149419397,,,,,45.0,49.0,0.9183673469387755,2.0,
11,1,,0.0,0.0,0.0,buffer_union,,,,,,7.357599999999999,0.0,7.357599999999999,7.357599999999999,Skupina dreves oziroma grmičevja,137.62298509345246,,,,,,,,,1.207499424612048
13,13,0.08425464328281844,678.0899827445318,285.9868388202517,154.29416698570267,buffer_union,176.41013989035093,11.87046046715373,14.861271841853842,4.337449072758087,2.083263451073112,15.138946153846156,4.0703560694017895,7.9308,20.501500000000004,Drevesa v vrsti,1521.733437899242,,,,,7.0,7.0,1.0,1.0,
14,5,0.08229384383308903,129.59360491553753,53.972407935005776,60.757886217359804,buffer_union,50.35644888088511,6.862975041700874,7.33740813202857,3.9365782146068584,1.0130551706970905,6.61994,3.486626143767066,2.6694,11.1455,Drevesa v vrsti,1521.733437899242,,,,,3.0,3.0,1.0,1.0,
15,1,,0.0,0.0,0.0,buffer_union,,,,,,17.258200000000002,0.0,17.258200000000002,17.258200000000002,Drevesa v vrsti,1521.733437899242,,,,,,,,,0.2408984107766294
16,1,,0.0,0.0,0.0,buffer_union,,,,,,17.1106,0.0,17.1106,17.1106,Posamezno drevo,278.88415657103934,,,,,1.0,1.0,1.0,1.0,
17,2,0.07970544716691812,28.01020279284282,0.0,25.092387924399016,buffer_union,28.027651138152585,1.7763568394002505e-15,1.577816490273178e+16,7.48700890050928,0.0,18.427750000000003,2.6472500000000014,15.7805,21.075000000000003,Posamezno drevo,54.17343763302399,,,,,,,,,0.0
18,42,0.08230601171916872,2845.4866463481817,1532.3277206703551,510.29079313556844,buffer_union,197.71262347748234,135.17221687096873,1.4626720494361114,4.208957935530687,1.5387920896317404,14.37082380952381,4.179035037559197,4.4632,21.734800000000003,Skupina dreves oziroma grmičevja,33.05633919588231,,,,,39.0,39.0,1.0,1.0,
19,36,0.08336318665770263,1601.740282911336,877.165482568807,431.8452957876899,buffer_union,264.16715702176174,33.57697330643912,7.867509516442981,3.8032583702269016,0.9777414220696315,18.218691666666665,4.002509784801352,9.318900000000001,24.9996,Skupina dreves oziroma grmičevja,179.20585495991284,,,,,32.0,32.0,1.0,1.0,
20,12,0.08437323479567764,2314.770627807461,587.5351011389912,142.22519770706657,buffer_union,422.3525927231617,20.904117715268626,20.204277380942518,6.7643066205703235,3.2466299157214102,5.2454583333333344,1.4739357049853141,2.3864,7.453799999999999,Mejica,1783.1539083689283,,,,,11.0,11.0,1.0,1.0,
21,1,,0.0,0.0,0.0,buffer_union,,,,,,10.9677,0.0,10.9677,10.9677,Posamezno drevo,94.2292125078853,,,,,1.0,1.0,1.0,1.0,
22,140,0.08180044506614806,34494.858916530735,8466.898088906179,1711.4821305286148,buffer_union,5022.269252779079,106.24361649697198,47.27125655518529,4.226262279487266,1.3533397437957666,15.070493571428571,4.646039989207564,3.7723999999999998,23.940400000000004,Skupina dreves oziroma grmičevja,1609.9677224172863,,,,,86.0,117.0,0.7350427350427351,2.0,
23,1,,0.0,0.0,0.0,buffer_union,,,,,,8.7004,0.0,8.7004,8.7004,Posamezno drevo,53.72133955842126,,,,,1.0,1.0,1.0,1.0,
24,405,0.08224648587487894,107528.93562672101,24093.962764747914,4924.222545096017,buffer_union,16389.041633619232,209.51722749350483,78.22288329071796,4.128637096454172,1.1958620879146826,17.338601728395062,5.018122818578945,3.367,30.690400000000004,Obvodna vegetacija,0.0,,,,,348.0,363.0,0.9586776859504132,2.0,
25,1,,0.0,0.0,0.0,buffer_union,,,,,,4.3228,0.0,4.3228,4.3228,Obvodna vegetacija,12.487878643052312,,,,,,,,,0.5354546479339022
26,126,0.08210240863293754,33160.66887165432,8503.873099037248,1534.6687399065147,buffer_union,5872.698571118013,101.058524411897,58.11185751319615,4.2263594656084695,1.2201370108447902,12.430015079365077,4.529102762786879,3.4757000000000007,20.145500000000002,Obvodna vegetacija,0.0,,,,,105.0,105.0,1.0,1.0,
27,118,0.08393028105247582,5555.70645651733,3249.9386956873664,1405.9288080570436,buffer_union,430.19015762001175,141.87120203039711,3.0322584954756344,3.7587648120884998,1.1976559448737116,15.637954237288136,3.6054364624156046,6.4862,20.0618,Obvodna vegetacija,1786.4705260843002,,,,,107.0,107.0,1.0,1.0,
29,103,0.08197842253894255,31284.502909731415,8797.2392133857,1256.4281771959138,buffer_union,6038.254385900473,239.80205061263564,25.180161597760353,4.301978914313965,1.155876862382779,12.452979611650488,4.529986170736071,3.8435,23.731400000000004,Obvodna vegetacija,1929.4089567335757,,,,,56.0,82.0,0.6829268292682927,2.0,
30,4,0.07970544716691812,80.03773672741153,22.005781779057823,50.18477584879803,buffer_union,26.54510804101934,2.8704285329068577,9.247785735371485,4.9831053284146245,1.5090603214905063,11.275775,2.0435852274556603,7.7940999999999985,13.0254,Posamezno drevo,59.68027114491386,,,,,2.0,2.0,1.0,1.0,
28,7,0.0808252346224163,440.5041846542015,70.80772136838246,86.60661528174025,buffer_union,121.88764720556836,1.4635376873300103,83.28288930361117,4.363825432441145,0.9231374491493437,6.945685714285716,2.383596250823276,3.4577000000000013,10.616999999999999,Obvodna vegetacija,1786.4705260843002,,,,,6.0,6.0,1.0,1.0,
31,1,,0.0,0.0,0.0,buffer_union,,,,,,5.598199999999999,0.0,5.598199999999999,5.598199999999999,Obvodna vegetacija,107.0952132123856,,,,,,,,,0.4898453731250514
32,5,0.07995459879102831,101.7694489865599,43.499867420734475,62.535489835527116,buffer_union,24.23698181187801,7.526879873308104,3.2200569452194174,4.727700914490766,1.192684752933776,11.18672,2.2134958219070575,8.74,13.877,Obvodna vegetacija,107.0952132123856,,,,,4.0,4.0,1.0,1.0,
33,20,0.08071937165159228,1138.9339985136978,399.6382573513117,247.7719981062994,buffer_union,179.96059546003556,15.5060328704606,11.605843800503301,4.182655943313525,0.6120748877150877,16.25052,3.8559452113068207,9.5188,22.782200000000003,Obvodna vegetacija,107.0952132123856,,,,,18.0,18.0,1.0,1.0,
34,23,0.07975174785506113,13494.458429015815,766.5896315265181,288.3949332596401,buffer_union,3321.8783144892996,3.766357884326908,881.9868999472305,7.070019104345783,2.4216596812985265,8.747773913043478,1.625055231494126,5.119400000000001,11.8285,Mejica,16.755673159639937,,,,,15.0,15.0,1.0,1.0,
35,9,0.0797054471669181,346.5494517693946,180.2145567097061,112.91574565979559,buffer_union,75.9964111504313,11.156060201355315,6.8121191333476965,5.075048749916518,0.659569390872344,10.965833333333334,2.5210358986381416,6.784400000000001,13.863,Skupina dreves oziroma grmičevja,1927.5969890267797,,,,,7.0,7.0,1.0,1.0,
36,103,0.0826676642832585,13244.586969941021,5411.721760796517,1245.9527058496935,buffer_union,1947.3008974801432,172.51388557441095,11.287792231890853,4.195325622813254,1.189644026258812,13.588710679611651,4.303916217376522,3.567,22.8804,Obvodna vegetacija,0.0,,,,,89.0,89.0,1.0,1.0,
37,4,0.07970544716691812,274.79331067042017,32.74390625058379,50.18477584879803,buffer_union,97.16446531467022,1.7163245336230908,56.61194221209436,7.331979974875563,2.260309413312761,9.23845,0.9189631045368467,8.0746,10.578,Drevesa v vrsti,43.34954080418078,,,,,2.0,2.0,1.0,1.0,
38,80,0.08317583983907778,7788.398106055021,3261.6866276261794,961.8177604792191,buffer_union,1176.4035817582278,81.6902158004093,14.400789252809558,4.143431138758176,1.6560182950661664,18.128565000000002,6.73614527742128,5.5384,31.1625,Mejica,1783.1539083689283,,,,,70.0,70.0,1.0,1.0,
39,55,0.08305096544487565,7215.695044718656,1871.0921585276058,662.2439571338368,buffer_union,792.6542549602233,35.03509375386656,22.624579244139856,4.085221177870145,1.4773902527411078,11.950050909090908,5.182780647941894,4.3549,22.446,Obvodna vegetacija,0.0,,,,,47.0,47.0,1.0,1.0,
40,1,,0.0,0.0,0.0,buffer_union,,,,,,7.799,0.0,7.799,7.799,Skupina dreves oziroma grmičevja,95.35540536912968,,,,,1.0,1.0,1.0,1.0,
41,1,,0.0,0.0,0.0,buffer_union,,,,,,16.927,0.0,16.927,16.927,Skupina dreves oziroma grmičevja,95.35540536912968,,,,,1.0,1.0,1.0,1.0,
42,10,0.0797054471669181,664.5531814205934,298.8786179767318,125.4619396219951,buffer_union,97.1552118087483,30.993145839472913,3.134732186011634,5.577767527568259,1.331464477921119,10.053410000000001,4.810555560733085,2.9254000000000002,16.2802,Mejica,2466.1136223589333,,,,,5.0,9.0,0.5555555555555556,2.0,
43,11,0.08600436437298989,1046.9024211194715,252.49269414053902,127.90048598341372,buffer_union,331.5541879318622,6.220093842888637,53.30372761351894,3.6566651749880688,1.2372945278967344,11.43679090909091,3.1396058772500104,7.0852,15.789,Mejica,2466.1136223589333,,,,,4.0,4.0,1.0,1.0,
44,1,,0.0,0.0,0.0,buffer_union,,,,,,7.8012,0.0,7.8012,7.8012,Mejica,1916.8845521999444,,,,,,,,,0.6254483188452652
45,1,,0.0,0.0,0.0,buffer_union,,,,,,7.0384,0.0,7.0384,7.0384,Obvodna vegetacija,49.77761353218216,,,,,1.0,1.0,1.0,1.0,
46,7,0.08856545733303425,56.59147272059185,38.27491074766641,79.03758655790345,buffer_union,11.790963376626117,5.477049224140897,2.152794852501182,3.0340777896624753,0.7196790827355045,16.57422857142857,2.1667229704353645,11.699,18.307800000000004,Obvodna vegetacija,49.77761353218216,,,,,3.0,3.0,1.0,1.0,
47,19,0.08056144884417676,935.0109284866227,589.4091598699925,235.8448150150589,buffer_union,115.36164978088112,51.22173736003535,2.2522010327375104,4.614933022765439,1.1266645888800988,10.656005263157896,2.4621636198727592,5.8073999999999995,14.348600000000001,Skupina dreves oziroma grmičevja,126.35237752037399,,,,,17.0,17.0,1.0,1.0,
48,208,0.08247283951529993,49566.88627400633,20348.7603709463,2522.042422965356,buffer_union,5928.095499805215,570.1905606555338,10.396691753349673,4.063646460894654,1.2099619782180504,19.96069086538462,6.308758306098937,5.0284,33.4963,Obvodna vegetacija,0.0,,,,,175.0,175.0,1.0,1.0,
49,65,0.08065234662360657,7406.728975085399,1819.4064265931813,805.9281933028691,buffer_union,1126.5098191743205,26.270755373311204,42.88075478479603,4.3304358056065055,0.8521967741547926,21.14190923076923,3.451672573326337,5.743800000000001,27.350000000000005,Mejica,95.60904194229276,,,,,54.0,54.0,1.0,1.0,
50,3,0.07974644508902796,31.832612684946557,2.7564372654928784,37.61923176200314,buffer_union,21.224683079073607,0.11932563563361986,177.87194651317304,4.403055898016498,0.6414794742900884,13.170033333333334,0.4957448694192971,12.4964,13.6751,Mejica,31.947109722806754,,,,,1.0,1.0,1.0,1.0,
51,56,0.08378914456497097,3578.0218858339676,2003.6666641997576,668.3443337528887,buffer_union,274.47359832674834,201.77245312132638,1.3603125405909922,3.812186387145652,1.30130855225653,12.006466071428571,4.342373982885596,4.6528,20.5198,Mejica,,,,,,26.0,51.0,0.5098039215686274,2.0,
52,2,0.07970544716691812,10.2497650935876,0.0,25.092387924399016,buffer_union,10.419159112794496,0.0,,4.564900680802266,0.0,6.3872,0.3658000000000005,6.021399999999999,6.753,Obvodna vegetacija,0.0,,,,,1.0,1.0,1.0,1.0,
53,3,0.07970544716691812,59.31037612500276,11.549105279782218,37.63858188659852,buffer_union,36.65442341622722,1.2129671340425832,30.218810046456216,5.566265082790035,1.9881255875899533,12.947033333333332,7.1029094284587995,7.244999999999999,22.9599,Obvodna vegetacija,0.0,,,,,3.0,3.0,1.0,1.0,
54,43,0.08201627272746424,2973.0310168543824,1643.8444630979513,524.2862004091156,buffer_union,411.8750981592152,74.48785975666243,5.529425862210732,4.784138541362284,1.685426460885162,18.08921162790698,3.1559493594110664,7.152,21.9281,Skupina dreves oziroma grmičevja,,,,,,33.0,33.0,1.0,1.0,
55,3,0.09072870037043047,30.284456547687935,4.791884459030381,33.06561195907678,buffer_union,19.923289872750438,0.3841761211017456,51.859781955250504,3.6584413285765987,2.2105997942393585,17.229266666666664,0.21269535856608526,17.0256,17.5228,Mejica,37.43426499961234,,,,,2.0,2.0,1.0,1.0,
56,1,,0.0,0.0,0.0,buffer_union,,,,,,6.5182,0.0,6.5182,6.5182,Mejica,37.43426499961234,,,,,1.0,1.0,1.0,1.0,
57,1,,0.0,0.0,0.0,buffer_union,,,,,,17.888,0.0,17.888,17.888,Mejica,37.43426499961234,,,,,1.0,1.0,1.0,1.0,
58,3,0.07970544716691812,106.96957385449075,36.2847821355596,37.63858188659852,buffer_union,56.254372811217735,7.801381171696125,7.210822234313066,8.1093688077381,3.5547947321936717,12.786533333333333,5.4864060472731655,5.0374,16.999000000000002,Mejica,37.43426499961234,,,,,3.0,3.0,1.0,1.0,
59,12,0.0825166872562878,395.81740810283605,261.6663197544795,145.42513034641482,buffer_union,62.7414646535162,27.2714598408877,2.3006272865323054,4.448437598817221,1.5406187811638141,19.283158333333336,2.546911960413478,16.320500000000003,24.449200000000005,Skupina dreves oziroma grmičevja,109.40200280203054,,,,,7.0,7.0,1.0,1.0,
60,1,,0.0,0.0,0.0,buffer_union,,,,,,13.0656,0.0,13.0656,13.0656,Posamezno drevo,,,,,,,,,,0.3908484849380329
61,2,0.08406947668388104,3.533492212456808,0.0,23.789847146550247,buffer_union,5.11624028309668,1.1102230246251565e-16,4.608299566498426e+16,3.19882487269831,0.0,4.393,0.051000000000000156,4.342,4.444,Mejica,775.1963332445746,,,,,2.0,2.0,1.0,1.0,
62,2,0.07970544716691812,1.653275633317638,0.0,25.092387924399016,buffer_union,14.508104775691042,-6.938893903907228e-18,,5.3866696159484375,0.0,12.22225,3.40175,8.820500000000001,15.624,Mejica,775.1963332445746,,,,,1.0,1.0,1.0,1.0,
63,1,,0.0,0.0,0.0,buffer_union,,,,,,14.7644,0.0,14.7644,14.7644,Mejica,14.229725296080195,,,,,,,,,0.511717793849163
64,60,0.08207615516959499,4013.162067789277,2539.6593702702576,731.0283952266191,buffer_union,391.2411095185936,155.70609077880445,2.5126898219697096,4.280739054327113,1.5167225136544311,13.309384999999999,4.56801524008057,3.7788000000000004,22.143800000000002,Obvodna vegetacija,0.0,,,,,31.0,55.0,0.5636363636363636,2.0,
65,27,0.08074230571653157,2111.652220414351,958.048568813795,334.39718819513337,buffer_union,339.68505760059656,35.67752433546664,9.520981736474335,4.476052414215962,0.9973007225329136,14.052337037037036,2.8211024358294887,9.082999999999998,18.905800000000003,Obvodna vegetacija,0.0,,,,,22.0,22.0,1.0,1.0,
66,162,0.08087210455196953,16555.620032133407,9837.905884778665,2003.1629063875366,buffer_union,2234.326618827571,408.2088151040722,5.47348939110473,4.676555736115245,1.3183872046178522,13.274912345679013,4.99844696489172,3.1824,23.883000000000003,Obvodna vegetacija,0.0,,,,,115.0,156.0,0.7371794871794872,2.0,
67,126,0.08223596200623504,11475.383169932491,7519.933348303364,1532.176397358212,buffer_union,2622.9858756941585,175.5513001753992,14.941420958280828,4.073817772933571,1.0873306798524542,14.366070634920638,4.105295668200288,4.1986,25.624200000000002,Skupina dreves oziroma grmičevja,49.4529053147741,,,,,101.0,101.0,1.0,1.0,
68,11,0.08104542293147508,401.87048879652315,227.82498445333613,135.72635692580243,buffer_union,79.86192641834391,22.78134033057241,3.5055850647720552,3.9289947314636295,0.5744386918560952,12.362418181818184,2.30857789079148,6.597,14.7195,Obvodna vegetacija,0.0,,,,,11.0,11.0,1.0,1.0,
69,1,,0.0,0.0,0.0,buffer_union,,,,,,14.112,0.0,14.112,14.112,Obvodna vegetacija,0.0,,,,,1.0,1.0,1.0,1.0,
70,12,0.08400344564449197,406.70488635218214,230.18867035328643,142.85128315789305,buffer_union,47.80166500064702,27.90344804497929,1.7131096100952314,4.286686611242735,1.766500136603301,20.098016666666673,4.152343013254352,11.878699999999998,25.981200000000005,Skupina dreves oziroma grmičevja,74.42180058139347,,,,,10.0,10.0,1.0,1.0,
71,24,0.08007539612389021,3165.0160551100334,833.6964772802227,299.71753074899476,buffer_union,1199.8818132638125,8.596634344479298,139.57576479152783,4.969258896047134,1.6000862960717779,8.790366666666666,3.0043721252904447,3.186,13.688600000000001,Mejica,9.459089430339334,,,,,15.0,15.0,1.0,1.0,
72,35,0.08237244258775671,1803.6411488590384,1127.4460016099606,424.89938261466784,buffer_union,223.62368931141322,66.11686736540929,3.3822487093271993,4.351962142765838,1.3893366228627098,13.483025714285715,3.479032176695358,6.1854000000000005,19.819000000000003,Obvodna vegetacija,0.0,,,,,32.0,32.0,1.0,1.0,
73,14,0.08212969633441848,834.1599564698231,386.3108967814897,170.46209379606526,buffer_union,162.06091435530584,21.211823897033014,7.640121619997702,4.708203537435958,1.7372129678528543,10.34014285714286,5.0872533704648655,3.2893000000000003,20.059000000000005,Obvodna vegetacija,0.0,,,,,10.0,10.0,1.0,1.0,
74,11,0.08024879537504573,572.6672074685335,306.1023094251221,137.07370869046807,buffer_union,47.6651311116511,38.9512373534787,1.2237128869384728,5.412856142676791,1.6979034406918474,13.776445454545456,5.585245976086321,5.449999999999999,25.5637,Skupina dreves oziroma grmičevja,74.42180058139347,,,,,7.0,7.0,1.0,1.0,
75,175,0.08172195008286831,40707.04146083205,22605.664100033107,2141.407538886984,buffer_union,9845.813578612397,564.1268399835121,17.453191163356387,4.488913352397536,1.5624320088865074,14.282334285714283,5.212170594858749,1.026,28.158400000000004,Obvodna vegetacija,0.0,,,,,102.0,133.0,0.7669172932330827,2.0,
76,36,0.08297139294015989,1725.7465487691468,1209.0797953593428,433.8844838481101,buffer_union,438.0995511993027,38.48611660695486,11.38331403174446,3.9324550365215662,1.489876463117977,11.669266666666667,2.9998765199587805,4.053,19.425800000000002,Obvodna vegetacija,0.0,,,,,33.0,33.0,1.0,1.0,
77,3,0.07970544716691812,81.0391734580957,33.0423521348572,37.63858188659852,buffer_union,39.232526804865714,9.276291243694038,4.229333229649913,7.752813318329953,1.5257801073969217,11.340866666666665,3.4762461529005035,7.0422,15.556,Obvodna vegetacija,0.0,,,,,1.0,1.0,1.0,1.0,
78,2,0.08191737896803727,6.02214374123233,0.0,24.414843653388434,buffer_union,6.070960477712681,0.0,,3.484525929796672,0.0,9.509,1.831,7.678,11.34,Obvodna vegetacija,0.0,,,,,2.0,2.0,1.0,1.0,
79,1,,0.0,0.0,0.0,buffer_union,,,,,,6.0823,0.0,6.0823,6.0823,Mejica,26.480741455828184,,,,,1.0,1.0,1.0,1.0,
80,2,0.07970544716691812,5.251784916261673,0.0,25.092387924399016,buffer_union,13.455675084569327,0.0,,5.187615075267117,0.0,6.8744,1.2054000000000005,5.669,8.0798,Posamezno drevo,36.07423677914454,,,,,1.0,1.0,1.0,1.0,
81,2,0.08015491771004493,4.882931655228885,0.0,24.95168178245615,buffer_union,7.291194321468939,0.0,,3.818689388119683,0.0,8.7179,0.9222999999999999,7.7956,9.6402,Posamezno drevo,0.0,,,,,2.0,2.0,1.0,1.0,
82,6,0.08523877716828605,239.39948626691478,62.96720762078623,70.39049830752805,buffer_union,57.47473659969344,4.432072115263541,12.967915481735313,4.793319752686002,2.6232729054177164,10.810516666666667,0.8711085895123649,9.753,12.0046,Obvodna vegetacija,0.0,,,,,6.0,6.0,1.0,1.0,
83,13,0.08239682791334796,873.8159782371346,304.5959989015265,157.77306395425026,buffer_union,252.47799534315556,7.637515884049616,33.057606579966276,3.9081759109754413,1.0722451684911791,11.375869230769231,2.671695483679754,6.7414000000000005,15.5678,Mejica,46.56804692103637,,,,,8.0,8.0,1.0,1.0,
84,2,0.08018274207016197,6.3615718323681225,0.0,24.94302325368155,buffer_union,7.263304730561197,0.0,,3.811378944833798,0.0,9.0505,0.04809999999999981,9.0024,9.0986,Posamezno drevo,13.648116389800977,,,,,1.0,1.0,1.0,1.0,
85,49,0.08236557357283585,4431.007340087507,1998.9256346934355,594.9087449341844,buffer_union,695.3547929379146,72.19971947904837,9.63099023036647,4.311647595443571,1.4224117795755622,12.32629387755102,2.0298431047651233,6.505199999999999,15.6514,Obvodna vegetacija,2.993392996173562,,,,,40.0,40.0,1.0,1.0,
86,3,0.07970544716691812,148.16124840608776,40.91228180826364,37.63858188659852,buffer_union,103.8681796431306,5.371599555351985,19.336545580662598,10.639411533136572,0.8684725207134693,7.425233333333334,0.98957647618677,6.5268,8.803700000000003,Drevesa v vrsti,6.49957789475816,,,,,1.0,2.0,0.5,2.0,
87,3,0.07970544716691812,84.53105223831065,17.81267745335954,37.63858188659852,buffer_union,52.86393723764971,2.0006800769242776,26.422983788052445,7.36697433355211,0.8314732823021698,9.972733333333332,0.2358294487312575,9.690800000000001,10.268,Obvodna vegetacija,2.993392996173562,,,,,1.0,1.0,1.0,1.0,
88,70,0.08146825001018024,20497.885553558594,2192.599839631207,859.2304362896322,buffer_union,3879.1844608828305,12.31911593223515,314.8914647951528,4.730360647168903,1.71405037932397,11.241857142857144,3.1247157400118097,4.6659999999999995,17.0359,Mejica,96.82162139737719,,,,,44.0,45.0,0.9777777777777777,2.0,
89,3,0.07970544716691812,40.52733001800644,13.056066724097066,37.63858188659852,buffer_union,33.22599031300432,1.7101158530641594,19.42908736473643,5.946847455579068,0.6752203747360587,10.3785,0.7041539793728835,9.3965,11.0127,Drevesa v vrsti,92.90867077385846,,,,,1.0,1.0,1.0,1.0,
90,14,0.0798674638723427,464.16243254335853,255.20263807193808,175.29040389184138,buffer_union,70.29779215402037,21.05793549017544,3.3383040890602853,4.626715447829359,0.8189532031982666,13.377149999999999,4.02030835184673,7.233200000000002,21.567700000000002,Skupina dreves oziroma grmičevja,120.62098045156999,,,,,10.0,10.0,1.0,1.0,
91,2,0.07970544716691812,24.84769994308376,0.0,25.092387924399016,buffer_union,43.3685345230075,-4.440892098500626e-16,,9.313273809247477,0.0,12.42445,0.5854499999999998,11.839,13.0099,Drevesa v vrsti,92.90867077385846,,,,,,,,,0.573872701090781
92,13,0.08041628957068703,455.9402912036246,246.96673333889115,161.6587891508327,buffer_union,66.31350582543953,17.873592153141598,3.710138692729641,4.58726814643635,1.0536323502706784,17.355415384615387,3.5525598185503795,9.0048,21.5258,Skupina dreves oziroma grmičevja,90.86708015968004,,,,,10.0,10.0,1.0,1.0,
93,1,,0.0,0.0,0.0,buffer_union,,,,,,5.0386999999999995,0.0,5.0386999999999995,5.0386999999999995,Drevesa v vrsti,,,,,,1.0,1.0,1.0,1.0,
94,3,0.07972747105190889,34.13371807977222,5.643757758284999,37.628184619662186,buffer_union,18.092920527588113,0.5868225564732921,30.83201272344338,4.288124896238351,0.4560124731266194,9.285366666666667,1.7054245303996558,7.113600000000002,11.2797,Mejica,,,,,,3.0,3.0,1.0,1.0,
95,3,0.09442373420243176,40.85697447839373,5.714558054733143,31.771672930964627,buffer_union,27.16565243441465,0.40070420837190834,67.7947769622654,3.954906800665088,3.1514985009521,4.104733333333334,0.6190070130638443,3.5401000000000002,4.9664,Drevesa v vrsti,,,,,,3.0,3.0,1.0,1.0,
96,2,0.07970544716691812,11.72504428275338,0.0,25.092387924399016,buffer_union,16.394141310604077,4.440892098500626e-16,3.691632434874789e+16,5.726105362391453,0.0,4.249549999999999,0.07325000000000026,4.1762999999999995,4.3228,Drevesa v vrsti,,,,,,2.0,2.0,1.0,1.0,
97,4,0.07970544716691812,362.70860628515084,6.605053655387906,50.18477584879803,buffer_union,151.61888788587345,0.036323018696656106,4174.1819189667585,9.201348540994546,1.8130007769571832,5.45125,1.3706829565949965,4.100999999999999,7.6104,Drevesa v vrsti,,,,,,3.0,3.0,1.0,1.0,
98,12,0.07970544716691809,1746.755412224067,260.2521528609101,150.55432754639415,buffer_union,436.92387182275763,4.162260954129778,104.97272435291296,6.456102288414329,0.9798367059452537,4.5610583333333325,0.6006678151001784,3.4037,5.3748000000000005,Drevesa v vrsti,,,,,,7.0,7.0,1.0,1.0,
99,9,0.08149999508024061,262.7812122426372,97.17954484520928,110.42945451885087,buffer_union,96.32522252617721,3.7846608707100877,25.451480546552755,4.3557721603117505,1.273933743625057,12.690322222222223,3.8386098950235676,6.909,17.644700000000004,Drevesa v vrsti,,,,,,3.0,3.0,1.0,1.0,
100,9,0.08177138806625739,1267.206306446689,296.55665369829785,110.06294760103027,buffer_union,445.4338999698474,8.03039703032075,55.46847787077047,6.4878960707987865,2.554210510605968,8.704466666666667,3.964550743498912,5.274,14.904,Drevesa v vrsti,,,,,,3.0,3.0,1.0,1.0,
101,2,0.07970544716691812,12.91320042617318,0.0,25.092387924399016,buffer_union,16.874115448713404,0.0,,5.809322757209038,0.0,4.332800000000001,0.32099999999999973,4.011800000000001,4.6538,Posamezno drevo,,,,,,2.0,2.0,1.0,1.0,
102,32,0.08222771260550188,1526.593194667209,1027.5843451655878,389.1632028428682,buffer_union,343.7100105094986,47.296015937296154,7.267208531162129,4.215857954796403,1.3514359580192103,11.906559375,3.89804212488938,4.4959999999999996,19.058600000000002,Skupina dreves oziroma grmičevja,62.648529751143094,,,,,22.0,22.0,1.0,1.0,
103,9,0.08580197738730759,121.4770234834812,66.00707627657519,104.89268748870747,buffer_union,28.25046808152208,4.939032572150566,5.719838383090717,3.3873191543858985,0.5352992296041885,9.034,1.8387715246870666,6.0334,11.1621,Skupina dreves oziroma grmičevja,62.648529751143094,,,,,8.0,8.0,1.0,1.0,
104,8,0.0797054471669181,228.58267610062816,116.9357315070933,100.36955169759608,buffer_union,48.72690869679505,11.192302694008665,4.353608906849792,4.715488024335743,0.5610523593935279,9.439162499999998,1.9539923400166515,7.6166,13.9187,Skupina dreves oziroma grmičevja,62.648529751143094,,,,,7.0,7.0,1.0,1.0,
105,1,,0.0,0.0,0.0,buffer_union,,,,,,7.1182,0.0,7.1182,7.1182,Drevesa v vrsti,,,,,,1.0,1.0,1.0,1.0,
106,5,0.08709400011163361,325.1493863543846,23.172202657029437,57.40923592430247,buffer_union,130.4695998532497,0.4178674105932245,312.22726765896584,5.924429068362782,3.31510441225974,4.5279,0.5963413519118053,3.646,5.3248999999999995,Drevesa v vrsti,,,,,,4.0,4.0,1.0,1.0,
107,8,0.07988122945893497,933.9809884525376,123.83751342606092,100.14868391719745,buffer_union,228.26066714683648,2.574094541004648,88.67610086214947,6.150250609732934,2.6695793981187816,6.1123875,0.6424501740164369,4.8174,6.867999999999999,Mejica,,,,,,6.0,6.0,1.0,1.0,
108,20,0.08194731475207677,2519.4653810188056,480.10378499225396,244.05924782902233,buffer_union,626.2787824236909,6.351153582504594,98.60866601445281,4.420614115381271,1.316885289966627,12.739155,2.593378655436765,6.0002,16.4265,Mejica,37.29149114765697,,,,,17.0,17.0,1.0,1.0,
109,1,,0.0,0.0,0.0,buffer_union,,,,,,8.991,0.0,8.991,8.991,Mejica,103.95586165710988,,,,,1.0,1.0,1.0,1.0,
110,3,0.07970544716691812,45.397149639292515,4.6138931591845225,37.63858188659852,buffer_union,26.26415407845945,0.27017825665576645,97.21046542957953,5.075932244652985,0.34897073770640025,11.524000000000001,2.1330148991509654,8.5208,13.271,Mejica,103.95586165710988,,,,,3.0,3.0,1.0,1.0,
111,37,0.08180787279806466,8865.135755425843,1239.6040278810501,452.27920901122997,buffer_union,1798.631184550796,7.59302176765965,236.8794979900574,4.258440095252303,0.9854718275519395,13.532686486486487,2.5826651808362375,7.3465,18.088,Obvodna vegetacija,0.0,,,,,24.0,24.0,1.0,1.0,
112,72,0.08261242037784354,16299.80644510451,3343.6756136817394,871.5396507049953,buffer_union,3641.036466233679,47.09330762081686,77.31536921446173,4.219855835979377,1.555666198087222,10.634683333333335,2.9705019870853104,4.505000000000001,17.607300000000002,Mejica,69.98690068722502,,,,,55.0,60.0,0.9166666666666666,2.0,
113,4,0.08006214852151725,26.967378944614293,3.5757313860888953,49.96118732593059,buffer_union,26.7602118931758,0.07617142163773116,351.31564197982954,3.952346740970694,0.20002651469792423,6.762,1.1235923193044708,5.6344,8.075800000000001,Drevesa v vrsti,59.80547273067452,,,,,4.0,4.0,1.0,1.0,
115,20,0.08104156178870707,1040.3248629343439,412.73596153633315,246.78695176364369,buffer_union,291.5682259147269,11.002645805135293,26.499828412057262,4.5134730741062015,1.3928416572935076,11.251380000000001,1.8231731795416475,7.803,14.2825,Mejica,16.14176229597225,,,,,15.0,15.0,1.0,1.0,
114,67,0.08316179101817495,35161.99295375401,1366.1780190017932,805.6584541975196,buffer_union,7931.308707513896,1.6521953911021683,4800.466549070188,4.079930773602551,1.21523004754466,10.097620895522388,3.5484434605047888,4.101,16.569900000000004,Mejica,1.166215486595902,,,,,51.0,51.0,1.0,1.0,
116,2,0.08435433845940145,3.171106380522765,0.0,23.709509629579653,buffer_union,5.010706623746641,0.0,,3.165661581327556,0.0,10.6876,1.0568,9.6308,11.7444,Mejica,1.166215486595902,,,,,2.0,2.0,1.0,1.0,
117,7,0.08233522136846198,167.6247905022033,49.28333938239056,85.0182933094209,buffer_union,48.91190232067234,2.6060517647580097,18.768584332097547,3.6806235564299383,0.7306027928347056,8.710014285714285,0.9280479674003486,7.1312,9.7184,Mejica,1.166215486595902,,,,,5.0,5.0,1.0,1.0,
118,21,0.08143433452878952,3170.9418376224885,334.46992880270824,257.876485655763,buffer_union,635.9358322216245,3.1727198202840015,200.43869873284294,4.711549500024396,1.3034089299082086,9.791566666666666,1.3337409748285114,6.0021,11.866499999999998,Mejica,16.755673159639937,,,,,16.0,16.0,1.0,1.0,
119,4,0.07970544716691812,51.65278565495279,28.54001641868183,50.18477584879803,buffer_union,26.644735802760234,4.5259883365326825,5.887053571855318,4.657256892388183,0.2909357429699013,8.0654,1.5575551691673715,6.3355,10.565999999999999,Mejica,16.755673159639937,,,,,1.0,1.0,1.0,1.0,
120,3,0.07973829812090397,20.405833021363797,9.088213426226186,37.623075369018046,buffer_union,8.628745116146948,3.1907159217577274,2.70432884899182,4.173650536861572,0.3077427252348141,14.299333333333331,0.12337361504344818,14.161999999999999,14.4612,Posamezno drevo,,,,,,1.0,1.0,1.0,1.0,
121,2,0.07970544716691812,5.29519699313257,0.0,25.092387924399016,buffer_union,9.392396271761953,0.0,,4.334142653804084,0.0,10.6049,1.9220999999999995,8.6828,12.527,Mejica,16.755673159639937,,,,,1.0,1.0,1.0,1.0,
122,2,0.07970544716691812,7.896127615476817,0.0,25.092387924399016,buffer_union,8.211602931445224,6.661338147750939e-16,1.2327257300723728e+16,4.052555473141663,0.0,11.5739,0.37570000000000014,11.1982,11.9496,Posamezno drevo,19.79895161326983,,,,,,,,,0.0
123,13,0.08252806613916774,954.7701625106175,357.78251393781926,157.52216922274653,buffer_union,206.93306299626653,14.545182365201725,14.226914300596093,4.496165850751937,2.100177607992846,16.840023076923078,4.5856791023214285,2.8372000000000006,21.694400000000005,Obvodna vegetacija,0.0,,,,,10.0,10.0,1.0,1.0,
124,36,0.08052767436614382,3546.5462011293976,2103.050996737618,447.05128123177803,buffer_union,775.0413019008237,99.96245415149426,7.753324070317838,4.732996439275763,1.3488978448072495,12.06467777777778,4.380755945617347,4.234000000000001,22.1826,Obvodna vegetacija,0.0,,,,,25.0,25.0,1.0,1.0,
125,23,0.08077753755232725,3016.5442043107955,722.6415938474765,284.7326211832185,buffer_union,559.8206643402643,13.582288693441996,41.21696107155824,4.34245211605099,0.7961994623133589,15.041769565217393,3.7011069685368443,6.3798,20.646000000000004,Obvodna vegetacija,0.0,,,,,19.0,19.0,1.0,1.0,
126,9,0.07989899105660028,340.7009443089971,241.78634258625334,112.64222339959736,buffer_union,108.3180319735502,16.513707493057012,6.559280041692103,4.951711118471978,0.9438873977001782,22.746144444444443,7.847017605025508,9.7944,33.5942,Skupina dreves oziroma grmičevja,7.707807929674295,,,,,7.0,7.0,1.0,1.0,
127,1,,0.0,0.0,0.0,buffer_union,,,,,,13.3604,0.0,13.3604,13.3604,Obvodna vegetacija,0.0,,,,,1.0,1.0,1.0,1.0,
128,4,0.08450045822870011,20.218036288829058,14.98859610323176,47.337021406132706,buffer_union,9.066782215932985,2.7927237476070506,3.2465732508279315,3.165555043953151,0.25003967461395393,13.262350000000001,0.9645956601084209,11.8172,14.5174,Obvodna vegetacija,0.0,,,,,2.0,2.0,1.0,1.0,
129,42,0.08211861990708581,2441.278535546029,1354.776673629998,511.45525883802543,buffer_union,323.3686378319199,65.06672727781775,4.969800255224474,4.343550397034032,1.356560843564904,11.22295,4.063494681701243,3.6314000000000006,19.359,Skupina dreves oziroma grmičevja,55.7979123090596,,,,,35.0,35.0,1.0,1.0,
130,11,0.0819863042101716,690.0660363858067,104.07349960954808,134.16875057328525,buffer_union,166.10841384991355,1.821328483496714,91.20178779118798,3.7506140135731316,0.6996533198166176,11.29538181818182,3.7723756081228625,5.696400000000001,16.934600000000003,Mejica,21.659426177423875,,,,,7.0,7.0,1.0,1.0,
131,290,0.08195423168630227,94067.82724270415,20960.047016668294,3538.5604139397997,buffer_union,19624.84323102863,162.0049739605106,121.13728826506444,4.238670053671897,1.2487090015942628,13.513284482758621,4.447101711467654,4.3044,28.8699,Obvodna vegetacija,0.0,,,,,243.0,243.0,1.0,1.0,
132,19,0.08408924571074776,658.3582867969967,363.2714221514564,225.95041541170036,buffer_union,86.982443888204,20.81153298224218,4.1795308381378415,3.9602556636643227,1.1001343559182875,10.425599999999998,3.1663166271170504,5.4735,15.4222,Obvodna vegetacija,0.0,,,,,18.0,18.0,1.0,1.0,
133,51,0.08287017814915658,3739.6175401001797,1894.4231095665923,615.4204219062495,buffer_union,478.8762804737245,108.57231330031588,4.410666641587817,4.251460482870317,1.6952728073801586,12.020186274509804,4.144711493023351,3.857,18.754400000000004,Obvodna vegetacija,0.0,,,,,40.0,40.0,1.0,1.0,
134,5,0.08493651667085488,28.954450599508778,18.778269791915278,58.867495348036805,buffer_union,8.498135026587484,2.9767727962893464,2.854814797145658,3.2911349848371025,0.37420028711125014,8.4331,1.8062764107411688,5.501399999999999,10.453,Skupina dreves oziroma grmičevja,33.11224636892939,,,,,5.0,5.0,1.0,1.0,
135,7,0.08043748731275185,230.62414541842764,118.86620122067444,87.02410075022671,buffer_union,66.40635823497894,10.165976438271946,6.5322164219246375,4.852353070692345,1.2754464036798794,9.370642857142856,3.7527627810748188,3.4006000000000003,14.6514,Skupina dreves oziroma grmičevja,,,,,,4.0,4.0,1.0,1.0,
136,276,0.08314548254252803,46265.890428711704,19784.341956872737,3319.4828096502893,buffer_union,7708.084178921104,547.1383612761024,14.087998072267087,4.067344231780651,1.3750860000196503,13.914928260869566,3.081851069309519,4.863499999999999,22.198700000000002,Obvodna vegetacija,0.0,,,,,254.0,254.0,1.0,1.0,
137,4,0.07970544716691812,120.34586199951389,21.820789246229786,50.18477584879803,buffer_union,89.67925175855487,0.826724437686841,108.47538511075793,7.259375667450642,1.2718063572737957,8.747275,1.083967313563929,7.411499999999999,10.0852,Mejica,84.36826983318464,,,,,1.0,1.0,1.0,1.0,
138,1,,0.0,0.0,0.0,buffer_union,,,,,,5.4086,0.0,5.4086,5.4086,Posamezno drevo,,,,,,1.0,1.0,1.0,1.0,
139,60,0.08213051071226232,6491.689459372979,2110.973159422617,730.5445866543458,buffer_union,1043.6557054587936,39.896462892750364,26.1591035843039,4.5736990917766445,1.6749504871052647,16.185505,3.98523923219276,9.1374,24.207400000000003,Skupina dreves oziroma grmičevja,91.04132517608862,,,,,57.0,57.0,1.0,1.0,
140,1,,0.0,0.0,0.0,buffer_union,,,,,,5.3325000000000005,0.0,5.3325000000000005,5.3325000000000005,Posamezno drevo,79.83805138494026,,,,,1.0,1.0,1.0,1.0,
141,88,0.08145095095788486,8803.498854431922,4996.694400368128,1080.4048198958585,buffer_union,3172.0710340952164,53.51450451704211,59.27497718090701,4.529095617451513,1.7570079295463545,14.771585227272727,3.5969053562036235,5.1530000000000005,22.460900000000002,Obvodna vegetacija,0.0,,,,,79.0,79.0,1.0,1.0,
142,17,0.0810368557766774,683.8288246682514,570.9576152161623,209.7810908020526,buffer_union,101.1007330017635,70.73272836674623,1.4293345575129017,4.3627675782224316,1.1958462779242907,14.386470588235296,2.763048361281794,8.2647,19.21,Skupina dreves oziroma grmičevja,,,,,,11.0,11.0,1.0,1.0,
143,3,0.07970544716691812,142.98610325170023,4.729445688230371,37.63858188659852,buffer_union,72.49541180495876,0.10284630875720069,704.8907508786315,8.367757975926777,0.4533920793118611,5.0183333333333335,0.5743438710582908,4.2368,5.600700000000001,Drevesa v vrsti,,,,,,3.0,3.0,1.0,1.0,
144,30,0.08221520913420927,4651.667201648367,694.0103694619863,364.8959884177583,buffer_union,856.9728020435455,7.074186335706145,121.14082968356,4.334899288673157,1.319269052843428,8.116363333333334,1.1436366979897459,6.0305,10.9258,Mejica,,,,,,21.0,21.0,1.0,1.0,
145,1,,0.0,0.0,0.0,buffer_union,,,,,,6.0687,0.0,6.0687,6.0687,Drevesa v vrsti,,,,,,,,,,0.4102406539248098
146,1,,0.0,0.0,0.0,buffer_union,,,,,,5.2044999999999995,0.0,5.2044999999999995,5.2044999999999995,Drevesa v vrsti,,,,,,,,,,0.3632843689394285
147,102,0.08204507800690254,63863.992600259015,3648.968338779807,1243.2190020151925,buffer_union,9974.284676991803,8.346682387275905,1194.999907052543,4.317843321878261,1.4330981449638016,7.241508823529412,1.9415620590740517,2.607,12.868,Mejica,,,,,,78.0,84.0,0.9285714285714286,3.0,
148,1,,0.0,0.0,0.0,buffer_union,,,,,,4.5054,0.0,4.5054,4.5054,Drevesa v vrsti,,,,,,,,,,0.3817976781080433
149,1,,0.0,0.0,0.0,buffer_union,,,,,,4.623399999999999,0.0,4.623399999999999,4.623399999999999,Posamezno drevo,,,,,,1.0,1.0,1.0,1.0,
150,1,,0.0,0.0,0.0,buffer_union,,,,,,4.1506,0.0,4.1506,4.1506,Drevesa v vrsti,,,,,,,,,,0.046093333709033533
151,4,0.07970544716691812,198.3921154715054,35.085258058870544,50.18477584879803,buffer_union,96.69976773955659,2.020971914709385,47.848150207204625,6.995830597589773,1.6828282113926587,5.082675,0.6269062664186732,4.153499999999999,5.8882,Drevesa v vrsti,,,,,,3.0,3.0,1.0,1.0,
152,102,0.08331632803053382,4015.0935011757874,2693.2362904348925,1224.2498248676895,buffer_union,362.4110812786281,209.86151340451477,1.7269058790216059,3.8137554425464284,1.065456908146131,11.411860784313724,2.63592171478998,3.2274000000000003,16.761200000000002,Skupina dreves oziroma grmičevja,,,,,,97.0,97.0,1.0,1.0,
153,2,0.08995741152867659,2.911630160491055,0.0,22.232742872580776,buffer_union,3.451941626003847,2.220446049250313e-16,1.554616302057563e+16,2.627524167730469,0.0,9.7421,0.18489999999999984,9.5572,9.927,Posamezno drevo,,,,,,1.0,1.0,1.0,1.0,
154,1,,0.0,0.0,0.0,buffer_union,,,,,,8.903,0.0,8.903,8.903,Posamezno drevo,,,,,,1.0,1.0,1.0,1.0,
155,1,,0.0,0.0,0.0,buffer_union,,,,,,5.8931,0.0,5.8931,5.8931,Posamezno drevo,,,,,,,,,,0.0003461343864793653
156,2,0.07970544716691812,11.580182598969126,0.0,25.092387924399016,buffer_union,12.354303105992098,0.0,,4.9707752123772595,0.0,10.01425,1.02175,8.9925,11.036,Posamezno drevo,,,,,,1.0,1.0,1.0,1.0,
157,14,0.08017491796636925,1584.8776738286836,195.71815883910557,174.61820174075567,buffer_union,314.9415540565402,3.093940986205425,101.79300622110489,4.767669449300106,1.2244846777864697,7.5379,1.2734606012190335,4.5972,9.857999999999999,Mejica,,,,,,12.0,12.0,1.0,1.0,
158,2,0.07970544716691812,67.58795982945456,0.0,25.092387924399016,buffer_union,69.62332860564106,-3.552713678800501e-15,,11.8002820818522,0.0,6.3669,0.37290000000000045,5.994,6.739800000000001,Drevesa v vrsti,,,,,,2.0,2.0,1.0,1.0,
159,8,0.07984000987632019,1251.6522299536148,81.88639569382912,100.20038840667436,buffer_union,267.06001892100056,1.1326211426976087,235.789364027704,6.949001824280765,2.9884551793044976,7.065250000000001,1.333561137518637,5.2224,9.382200000000003,Drevesa v vrsti,,,,,,4.0,4.0,1.0,1.0,
160,1,,0.0,0.0,0.0,buffer_union,,,,,,8.722999999999999,0.0,8.722999999999999,8.722999999999999,Drevesa v vrsti,,,,,,1.0,1.0,1.0,1.0,
161,2,0.07970544716691812,35.23969372098155,0.0,25.092387924399016,buffer_union,35.65024229480639,0.0,,8.4439614275299,0.0,8.4118,0.7588000000000004,7.653,9.1706,Drevesa v vrsti,,,,,,2.0,2.0,1.0,1.0,
162,2,0.07970544716691812,79.3527918622404,0.0,25.092387924399016,buffer_union,79.51723987043505,0.0,,12.610887349463958,0.0,8.096250000000001,0.3852500000000001,7.711,8.4815,Drevesa v vrsti,,,,,,1.0,1.0,1.0,1.0,
163,69,0.08184574531987886,20372.38836001754,6442.162238390909,843.0493207719759,buffer_union,3510.2674402099037,175.39372714034687,20.01364300446761,4.206522574907087,0.985747761722432,7.991228985507247,1.125344405523882,5.449,10.092,Mejica,,,,,,56.0,56.0,1.0,1.0,
164,2,0.07970544716691812,9.994178864566631,0.0,25.092387924399016,buffer_union,11.715722074433575,4.440892098500626e-16,2.638146078439767e+16,4.840603696737334,0.0,3.1397500000000003,0.5464500000000001,2.5933,3.6862000000000004,Posamezno drevo,,,,,,1.0,1.0,1.0,1.0,
165,2,0.07970544716691812,10.250234797746097,0.0,25.092387924399016,buffer_union,10.472931488767564,0.0,,4.576665049742567,0.0,6.522399999999999,0.3961999999999999,6.1262,6.9186,Posamezno drevo,,,,,,1.0,1.0,1.0,1.0,
166,1,,0.0,0.0,0.0,buffer_union,,,,,,8.3924,0.0,8.3924,8.3924,Posamezno drevo,,,,,,,,,,0.41068937954557305
167,1,,0.0,0.0,0.0,buffer_union,,,,,,7.1012,0.0,7.1012,7.1012,Posamezno drevo,,,,,,1.0,1.0,1.0,1.0,
168,1,,0.0,0.0,0.0,buffer_union,,,,,,8.5787,0.0,8.5787,8.5787,Posamezno drevo,,,,,,1.0,1.0,1.0,1.0,
169,1,,0.0,0.0,0.0,buffer_union,,,,,,15.193900000000001,0.0,15.193900000000001,15.193900000000001,Posamezno drevo,,,,,,1.0,1.0,1.0,1.0,
